Date,Trimester,monthName,day,month,year
2020-01-01 00:00:00,Trim. 1,enero,1,1,2020
2020-01-02 00:00:00,Trim. 1,enero,2,1,2020
2020-01-03 00:00:00,Trim. 1,enero,3,1,2020
2020-01-04 00:00:00,Trim. 1,enero,4,1,2020
2020-01-05 00:00:00,Trim. 1,enero,5,1,2020
2020-01-06 00:00:00,Trim. 1,enero,6,1,2020
2020-01-07 00:00:00,Trim. 1,enero,7,1,2020
2020-01-08 00:00:00,Trim. 1,enero,8,1,2020
2020-01-09 00:00:00,Trim. 1,enero,9,1,2020
2020-01-10 00:00:00,Trim. 1,enero,10,1,2020
2020-01-11 00:00:00,Trim. 1,enero,11,1,2020
2020-01-12 00:00:00,Trim. 1,enero,12,1,2020
2020-01-13 00:00:00,Trim. 1,enero,13,1,2020
2020-01-14 00:00:00,Trim. 1,enero,14,1,2020
2020-01-15 00:00:00,Trim. 1,enero,15,1,2020
2020-01-16 00:00:00,Trim. 1,enero,16,1,2020
2020-01-17 00:00:00,Trim. 1,enero,17,1,2020
2020-01-18 00:00:00,Trim. 1,enero,18,1,2020
2020-01-19 00:00:00,Trim. 1,enero,19,1,2020
2020-01-20 00:00:00,Trim. 1,enero,20,1,2020
2020-01-21 00:00:00,Trim. 1,enero,21,1,2020
2020-01-22 00:00:00,Trim. 1,enero,22,1,2020
2020-01-23 00:00:00,Trim. 1,enero,23,1,2020
2020-01-24 00:00:00,Trim. 1,enero,24,1,2020
2020-01-25 00:00:00,Trim. 1,enero,25,1,2020
2020-01-26 00:00:00,Trim. 1,enero,26,1,2020
2020-01-27 00:00:00,Trim. 1,enero,27,1,2020
2020-01-28 00:00:00,Trim. 1,enero,28,1,2020
2020-01-29 00:00:00,Trim. 1,enero,29,1,2020
2020-01-30 00:00:00,Trim. 1,enero,30,1,2020
2020-01-31 00:00:00,Trim. 1,enero,31,1,2020
2021-01-01 00:00:00,Trim. 1,enero,1,1,2021
2021-01-02 00:00:00,Trim. 1,enero,2,1,2021
2021-01-03 00:00:00,Trim. 1,enero,3,1,2021
2021-01-04 00:00:00,Trim. 1,enero,4,1,2021
2021-01-05 00:00:00,Trim. 1,enero,5,1,2021
2021-01-06 00:00:00,Trim. 1,enero,6,1,2021
2021-01-07 00:00:00,Trim. 1,enero,7,1,2021
2021-01-08 00:00:00,Trim. 1,enero,8,1,2021
2021-01-09 00:00:00,Trim. 1,enero,9,1,2021
2021-01-10 00:00:00,Trim. 1,enero,10,1,2021
2021-01-11 00:00:00,Trim. 1,enero,11,1,2021
2021-01-12 00:00:00,Trim. 1,enero,12,1,2021
2021-01-13 00:00:00,Trim. 1,enero,13,1,2021
2021-01-14 00:00:00,Trim. 1,enero,14,1,2021
2021-01-15 00:00:00,Trim. 1,enero,15,1,2021
2021-01-16 00:00:00,Trim. 1,enero,16,1,2021
2021-01-17 00:00:00,Trim. 1,enero,17,1,2021
2021-01-18 00:00:00,Trim. 1,enero,18,1,2021
2021-01-19 00:00:00,Trim. 1,enero,19,1,2021
2021-01-20 00:00:00,Trim. 1,enero,20,1,2021
2021-01-21 00:00:00,Trim. 1,enero,21,1,2021
2021-01-22 00:00:00,Trim. 1,enero,22,1,2021
2021-01-23 00:00:00,Trim. 1,enero,23,1,2021
2021-01-24 00:00:00,Trim. 1,enero,24,1,2021
2021-01-25 00:00:00,Trim. 1,enero,25,1,2021
2021-01-26 00:00:00,Trim. 1,enero,26,1,2021
2021-01-27 00:00:00,Trim. 1,enero,27,1,2021
2021-01-28 00:00:00,Trim. 1,enero,28,1,2021
2021-01-29 00:00:00,Trim. 1,enero,29,1,2021
2021-01-30 00:00:00,Trim. 1,enero,30,1,2021
2021-01-31 00:00:00,Trim. 1,enero,31,1,2021
2022-01-01 00:00:00,Trim. 1,enero,1,1,2022
2022-01-02 00:00:00,Trim. 1,enero,2,1,2022
2022-01-03 00:00:00,Trim. 1,enero,3,1,2022
2022-01-04 00:00:00,Trim. 1,enero,4,1,2022
2022-01-05 00:00:00,Trim. 1,enero,5,1,2022
2022-01-06 00:00:00,Trim. 1,enero,6,1,2022
2022-01-07 00:00:00,Trim. 1,enero,7,1,2022
2022-01-08 00:00:00,Trim. 1,enero,8,1,2022
2022-01-09 00:00:00,Trim. 1,enero,9,1,2022
2022-01-10 00:00:00,Trim. 1,enero,10,1,2022
2022-01-11 00:00:00,Trim. 1,enero,11,1,2022
2022-01-12 00:00:00,Trim. 1,enero,12,1,2022
2022-01-13 00:00:00,Trim. 1,enero,13,1,2022
2022-01-14 00:00:00,Trim. 1,enero,14,1,2022
2022-01-15 00:00:00,Trim. 1,enero,15,1,2022
2022-01-16 00:00:00,Trim. 1,enero,16,1,2022
2022-01-17 00:00:00,Trim. 1,enero,17,1,2022
2022-01-18 00:00:00,Trim. 1,enero,18,1,2022
2022-01-19 00:00:00,Trim. 1,enero,19,1,2022
2022-01-20 00:00:00,Trim. 1,enero,20,1,2022
2022-01-21 00:00:00,Trim. 1,enero,21,1,2022
2022-01-22 00:00:00,Trim. 1,enero,22,1,2022
2022-01-23 00:00:00,Trim. 1,enero,23,1,2022
2022-01-24 00:00:00,Trim. 1,enero,24,1,2022
2022-01-25 00:00:00,Trim. 1,enero,25,1,2022
2022-01-26 00:00:00,Trim. 1,enero,26,1,2022
2022-01-27 00:00:00,Trim. 1,enero,27,1,2022
2022-01-28 00:00:00,Trim. 1,enero,28,1,2022
2022-01-29 00:00:00,Trim. 1,enero,29,1,2022
2022-01-30 00:00:00,Trim. 1,enero,30,1,2022
2022-01-31 00:00:00,Trim. 1,enero,31,1,2022
2023-01-01 00:00:00,Trim. 1,enero,1,1,2023
2023-01-02 00:00:00,Trim. 1,enero,2,1,2023
2023-01-03 00:00:00,Trim. 1,enero,3,1,2023
2023-01-04 00:00:00,Trim. 1,enero,4,1,2023
2023-01-05 00:00:00,Trim. 1,enero,5,1,2023
2023-01-06 00:00:00,Trim. 1,enero,6,1,2023
2023-01-07 00:00:00,Trim. 1,enero,7,1,2023
2023-01-08 00:00:00,Trim. 1,enero,8,1,2023
2023-01-09 00:00:00,Trim. 1,enero,9,1,2023
2023-01-10 00:00:00,Trim. 1,enero,10,1,2023
2023-01-11 00:00:00,Trim. 1,enero,11,1,2023
2023-01-12 00:00:00,Trim. 1,enero,12,1,2023
2023-01-13 00:00:00,Trim. 1,enero,13,1,2023
2023-01-14 00:00:00,Trim. 1,enero,14,1,2023
2023-01-15 00:00:00,Trim. 1,enero,15,1,2023
2023-01-16 00:00:00,Trim. 1,enero,16,1,2023
2023-01-17 00:00:00,Trim. 1,enero,17,1,2023
2023-01-18 00:00:00,Trim. 1,enero,18,1,2023
2023-01-19 00:00:00,Trim. 1,enero,19,1,2023
2023-01-20 00:00:00,Trim. 1,enero,20,1,2023
2023-01-21 00:00:00,Trim. 1,enero,21,1,2023
2023-01-22 00:00:00,Trim. 1,enero,22,1,2023
2023-01-23 00:00:00,Trim. 1,enero,23,1,2023
2023-01-24 00:00:00,Trim. 1,enero,24,1,2023
2023-01-25 00:00:00,Trim. 1,enero,25,1,2023
2023-01-26 00:00:00,Trim. 1,enero,26,1,2023
2023-01-27 00:00:00,Trim. 1,enero,27,1,2023
2023-01-28 00:00:00,Trim. 1,enero,28,1,2023
2023-01-29 00:00:00,Trim. 1,enero,29,1,2023
2023-01-30 00:00:00,Trim. 1,enero,30,1,2023
2023-01-31 00:00:00,Trim. 1,enero,31,1,2023
2024-01-01 00:00:00,Trim. 1,enero,1,1,2024
2024-01-02 00:00:00,Trim. 1,enero,2,1,2024
2024-01-03 00:00:00,Trim. 1,enero,3,1,2024
2024-01-04 00:00:00,Trim. 1,enero,4,1,2024
2024-01-05 00:00:00,Trim. 1,enero,5,1,2024
2024-01-06 00:00:00,Trim. 1,enero,6,1,2024
2024-01-07 00:00:00,Trim. 1,enero,7,1,2024
2024-01-08 00:00:00,Trim. 1,enero,8,1,2024
2024-01-09 00:00:00,Trim. 1,enero,9,1,2024
2024-01-10 00:00:00,Trim. 1,enero,10,1,2024
2024-01-11 00:00:00,Trim. 1,enero,11,1,2024
2024-01-12 00:00:00,Trim. 1,enero,12,1,2024
2024-01-13 00:00:00,Trim. 1,enero,13,1,2024
2024-01-14 00:00:00,Trim. 1,enero,14,1,2024
2024-01-15 00:00:00,Trim. 1,enero,15,1,2024
2024-01-16 00:00:00,Trim. 1,enero,16,1,2024
2024-01-17 00:00:00,Trim. 1,enero,17,1,2024
2024-01-18 00:00:00,Trim. 1,enero,18,1,2024
2024-01-19 00:00:00,Trim. 1,enero,19,1,2024
2024-01-20 00:00:00,Trim. 1,enero,20,1,2024
2024-01-21 00:00:00,Trim. 1,enero,21,1,2024
2024-01-22 00:00:00,Trim. 1,enero,22,1,2024
2024-01-23 00:00:00,Trim. 1,enero,23,1,2024
2024-01-24 00:00:00,Trim. 1,enero,24,1,2024
2024-01-25 00:00:00,Trim. 1,enero,25,1,2024
2024-01-26 00:00:00,Trim. 1,enero,26,1,2024
2024-01-27 00:00:00,Trim. 1,enero,27,1,2024
2024-01-28 00:00:00,Trim. 1,enero,28,1,2024
2024-01-29 00:00:00,Trim. 1,enero,29,1,2024
2024-01-30 00:00:00,Trim. 1,enero,30,1,2024
2024-01-31 00:00:00,Trim. 1,enero,31,1,2024
2020-02-01 00:00:00,Trim. 1,febrero,1,2,2020
2020-02-02 00:00:00,Trim. 1,febrero,2,2,2020
2020-02-03 00:00:00,Trim. 1,febrero,3,2,2020
2020-02-04 00:00:00,Trim. 1,febrero,4,2,2020
2020-02-05 00:00:00,Trim. 1,febrero,5,2,2020
2020-02-06 00:00:00,Trim. 1,febrero,6,2,2020
2020-02-07 00:00:00,Trim. 1,febrero,7,2,2020
2020-02-08 00:00:00,Trim. 1,febrero,8,2,2020
2020-02-09 00:00:00,Trim. 1,febrero,9,2,2020
2020-02-10 00:00:00,Trim. 1,febrero,10,2,2020
2020-02-11 00:00:00,Trim. 1,febrero,11,2,2020
2020-02-12 00:00:00,Trim. 1,febrero,12,2,2020
2020-02-13 00:00:00,Trim. 1,febrero,13,2,2020
2020-02-14 00:00:00,Trim. 1,febrero,14,2,2020
2020-02-15 00:00:00,Trim. 1,febrero,15,2,2020
2020-02-16 00:00:00,Trim. 1,febrero,16,2,2020
2020-02-17 00:00:00,Trim. 1,febrero,17,2,2020
2020-02-18 00:00:00,Trim. 1,febrero,18,2,2020
2020-02-19 00:00:00,Trim. 1,febrero,19,2,2020
2020-02-20 00:00:00,Trim. 1,febrero,20,2,2020
2020-02-21 00:00:00,Trim. 1,febrero,21,2,2020
2020-02-22 00:00:00,Trim. 1,febrero,22,2,2020
2020-02-23 00:00:00,Trim. 1,febrero,23,2,2020
2020-02-24 00:00:00,Trim. 1,febrero,24,2,2020
2020-02-25 00:00:00,Trim. 1,febrero,25,2,2020
2020-02-26 00:00:00,Trim. 1,febrero,26,2,2020
2020-02-27 00:00:00,Trim. 1,febrero,27,2,2020
2020-02-28 00:00:00,Trim. 1,febrero,28,2,2020
2020-02-29 00:00:00,Trim. 1,febrero,29,2,2020
2021-02-01 00:00:00,Trim. 1,febrero,1,2,2021
2021-02-02 00:00:00,Trim. 1,febrero,2,2,2021
2021-02-03 00:00:00,Trim. 1,febrero,3,2,2021
2021-02-04 00:00:00,Trim. 1,febrero,4,2,2021
2021-02-05 00:00:00,Trim. 1,febrero,5,2,2021
2021-02-06 00:00:00,Trim. 1,febrero,6,2,2021
2021-02-07 00:00:00,Trim. 1,febrero,7,2,2021
2021-02-08 00:00:00,Trim. 1,febrero,8,2,2021
2021-02-09 00:00:00,Trim. 1,febrero,9,2,2021
2021-02-10 00:00:00,Trim. 1,febrero,10,2,2021
2021-02-11 00:00:00,Trim. 1,febrero,11,2,2021
2021-02-12 00:00:00,Trim. 1,febrero,12,2,2021
2021-02-13 00:00:00,Trim. 1,febrero,13,2,2021
2021-02-14 00:00:00,Trim. 1,febrero,14,2,2021
2021-02-15 00:00:00,Trim. 1,febrero,15,2,2021
2021-02-16 00:00:00,Trim. 1,febrero,16,2,2021
2021-02-17 00:00:00,Trim. 1,febrero,17,2,2021
2021-02-18 00:00:00,Trim. 1,febrero,18,2,2021
2021-02-19 00:00:00,Trim. 1,febrero,19,2,2021
2021-02-20 00:00:00,Trim. 1,febrero,20,2,2021
2021-02-21 00:00:00,Trim. 1,febrero,21,2,2021
2021-02-22 00:00:00,Trim. 1,febrero,22,2,2021
2021-02-23 00:00:00,Trim. 1,febrero,23,2,2021
2021-02-24 00:00:00,Trim. 1,febrero,24,2,2021
2021-02-25 00:00:00,Trim. 1,febrero,25,2,2021
2021-02-26 00:00:00,Trim. 1,febrero,26,2,2021
2021-02-27 00:00:00,Trim. 1,febrero,27,2,2021
2021-02-28 00:00:00,Trim. 1,febrero,28,2,2021
2022-02-01 00:00:00,Trim. 1,febrero,1,2,2022
2022-02-02 00:00:00,Trim. 1,febrero,2,2,2022
2022-02-03 00:00:00,Trim. 1,febrero,3,2,2022
2022-02-04 00:00:00,Trim. 1,febrero,4,2,2022
2022-02-05 00:00:00,Trim. 1,febrero,5,2,2022
2022-02-06 00:00:00,Trim. 1,febrero,6,2,2022
2022-02-07 00:00:00,Trim. 1,febrero,7,2,2022
2022-02-08 00:00:00,Trim. 1,febrero,8,2,2022
2022-02-09 00:00:00,Trim. 1,febrero,9,2,2022
2022-02-10 00:00:00,Trim. 1,febrero,10,2,2022
2022-02-11 00:00:00,Trim. 1,febrero,11,2,2022
2022-02-12 00:00:00,Trim. 1,febrero,12,2,2022
2022-02-13 00:00:00,Trim. 1,febrero,13,2,2022
2022-02-14 00:00:00,Trim. 1,febrero,14,2,2022
2022-02-15 00:00:00,Trim. 1,febrero,15,2,2022
2022-02-16 00:00:00,Trim. 1,febrero,16,2,2022
2022-02-17 00:00:00,Trim. 1,febrero,17,2,2022
2022-02-18 00:00:00,Trim. 1,febrero,18,2,2022
2022-02-19 00:00:00,Trim. 1,febrero,19,2,2022
2022-02-20 00:00:00,Trim. 1,febrero,20,2,2022
2022-02-21 00:00:00,Trim. 1,febrero,21,2,2022
2022-02-22 00:00:00,Trim. 1,febrero,22,2,2022
2022-02-23 00:00:00,Trim. 1,febrero,23,2,2022
2022-02-24 00:00:00,Trim. 1,febrero,24,2,2022
2022-02-25 00:00:00,Trim. 1,febrero,25,2,2022
2022-02-26 00:00:00,Trim. 1,febrero,26,2,2022
2022-02-27 00:00:00,Trim. 1,febrero,27,2,2022
2022-02-28 00:00:00,Trim. 1,febrero,28,2,2022
2023-02-01 00:00:00,Trim. 1,febrero,1,2,2023
2023-02-02 00:00:00,Trim. 1,febrero,2,2,2023
2023-02-03 00:00:00,Trim. 1,febrero,3,2,2023
2023-02-04 00:00:00,Trim. 1,febrero,4,2,2023
2023-02-05 00:00:00,Trim. 1,febrero,5,2,2023
2023-02-06 00:00:00,Trim. 1,febrero,6,2,2023
2023-02-07 00:00:00,Trim. 1,febrero,7,2,2023
2023-02-08 00:00:00,Trim. 1,febrero,8,2,2023
2023-02-09 00:00:00,Trim. 1,febrero,9,2,2023
2023-02-10 00:00:00,Trim. 1,febrero,10,2,2023
2023-02-11 00:00:00,Trim. 1,febrero,11,2,2023
2023-02-12 00:00:00,Trim. 1,febrero,12,2,2023
2023-02-13 00:00:00,Trim. 1,febrero,13,2,2023
2023-02-14 00:00:00,Trim. 1,febrero,14,2,2023
2023-02-15 00:00:00,Trim. 1,febrero,15,2,2023
2023-02-16 00:00:00,Trim. 1,febrero,16,2,2023
2023-02-17 00:00:00,Trim. 1,febrero,17,2,2023
2023-02-18 00:00:00,Trim. 1,febrero,18,2,2023
2023-02-19 00:00:00,Trim. 1,febrero,19,2,2023
2023-02-20 00:00:00,Trim. 1,febrero,20,2,2023
2023-02-21 00:00:00,Trim. 1,febrero,21,2,2023
2023-02-22 00:00:00,Trim. 1,febrero,22,2,2023
2023-02-23 00:00:00,Trim. 1,febrero,23,2,2023
2023-02-24 00:00:00,Trim. 1,febrero,24,2,2023
2023-02-25 00:00:00,Trim. 1,febrero,25,2,2023
2023-02-26 00:00:00,Trim. 1,febrero,26,2,2023
2023-02-27 00:00:00,Trim. 1,febrero,27,2,2023
2023-02-28 00:00:00,Trim. 1,febrero,28,2,2023
2024-02-01 00:00:00,Trim. 1,febrero,1,2,2024
2024-02-02 00:00:00,Trim. 1,febrero,2,2,2024
2024-02-03 00:00:00,Trim. 1,febrero,3,2,2024
2024-02-04 00:00:00,Trim. 1,febrero,4,2,2024
2024-02-05 00:00:00,Trim. 1,febrero,5,2,2024
2024-02-06 00:00:00,Trim. 1,febrero,6,2,2024
2024-02-07 00:00:00,Trim. 1,febrero,7,2,2024
2024-02-08 00:00:00,Trim. 1,febrero,8,2,2024
2024-02-09 00:00:00,Trim. 1,febrero,9,2,2024
2024-02-10 00:00:00,Trim. 1,febrero,10,2,2024
2024-02-11 00:00:00,Trim. 1,febrero,11,2,2024
2024-02-12 00:00:00,Trim. 1,febrero,12,2,2024
2024-02-13 00:00:00,Trim. 1,febrero,13,2,2024
2024-02-14 00:00:00,Trim. 1,febrero,14,2,2024
2024-02-15 00:00:00,Trim. 1,febrero,15,2,2024
2024-02-16 00:00:00,Trim. 1,febrero,16,2,2024
2024-02-17 00:00:00,Trim. 1,febrero,17,2,2024
2024-02-18 00:00:00,Trim. 1,febrero,18,2,2024
2024-02-19 00:00:00,Trim. 1,febrero,19,2,2024
2024-02-20 00:00:00,Trim. 1,febrero,20,2,2024
2024-02-21 00:00:00,Trim. 1,febrero,21,2,2024
2024-02-22 00:00:00,Trim. 1,febrero,22,2,2024
2024-02-23 00:00:00,Trim. 1,febrero,23,2,2024
2024-02-24 00:00:00,Trim. 1,febrero,24,2,2024
2024-02-25 00:00:00,Trim. 1,febrero,25,2,2024
2024-02-26 00:00:00,Trim. 1,febrero,26,2,2024
2024-02-27 00:00:00,Trim. 1,febrero,27,2,2024
2024-02-28 00:00:00,Trim. 1,febrero,28,2,2024
2024-02-29 00:00:00,Trim. 1,febrero,29,2,2024
2020-03-01 00:00:00,Trim. 1,marzo,1,3,2020
2020-03-02 00:00:00,Trim. 1,marzo,2,3,2020
2020-03-03 00:00:00,Trim. 1,marzo,3,3,2020
2020-03-04 00:00:00,Trim. 1,marzo,4,3,2020
2020-03-05 00:00:00,Trim. 1,marzo,5,3,2020
2020-03-06 00:00:00,Trim. 1,marzo,6,3,2020
2020-03-07 00:00:00,Trim. 1,marzo,7,3,2020
2020-03-08 00:00:00,Trim. 1,marzo,8,3,2020
2020-03-09 00:00:00,Trim. 1,marzo,9,3,2020
2020-03-10 00:00:00,Trim. 1,marzo,10,3,2020
2020-03-11 00:00:00,Trim. 1,marzo,11,3,2020
2020-03-12 00:00:00,Trim. 1,marzo,12,3,2020
2020-03-13 00:00:00,Trim. 1,marzo,13,3,2020
2020-03-14 00:00:00,Trim. 1,marzo,14,3,2020
2020-03-15 00:00:00,Trim. 1,marzo,15,3,2020
2020-03-16 00:00:00,Trim. 1,marzo,16,3,2020
2020-03-17 00:00:00,Trim. 1,marzo,17,3,2020
2020-03-18 00:00:00,Trim. 1,marzo,18,3,2020
2020-03-19 00:00:00,Trim. 1,marzo,19,3,2020
2020-03-20 00:00:00,Trim. 1,marzo,20,3,2020
2020-03-21 00:00:00,Trim. 1,marzo,21,3,2020
2020-03-22 00:00:00,Trim. 1,marzo,22,3,2020
2020-03-23 00:00:00,Trim. 1,marzo,23,3,2020
2020-03-24 00:00:00,Trim. 1,marzo,24,3,2020
2020-03-25 00:00:00,Trim. 1,marzo,25,3,2020
2020-03-26 00:00:00,Trim. 1,marzo,26,3,2020
2020-03-27 00:00:00,Trim. 1,marzo,27,3,2020
2020-03-28 00:00:00,Trim. 1,marzo,28,3,2020
2020-03-29 00:00:00,Trim. 1,marzo,29,3,2020
2020-03-30 00:00:00,Trim. 1,marzo,30,3,2020
2020-03-31 00:00:00,Trim. 1,marzo,31,3,2020
2021-03-01 00:00:00,Trim. 1,marzo,1,3,2021
2021-03-02 00:00:00,Trim. 1,marzo,2,3,2021
2021-03-03 00:00:00,Trim. 1,marzo,3,3,2021
2021-03-04 00:00:00,Trim. 1,marzo,4,3,2021
2021-03-05 00:00:00,Trim. 1,marzo,5,3,2021
2021-03-06 00:00:00,Trim. 1,marzo,6,3,2021
2021-03-07 00:00:00,Trim. 1,marzo,7,3,2021
2021-03-08 00:00:00,Trim. 1,marzo,8,3,2021
2021-03-09 00:00:00,Trim. 1,marzo,9,3,2021
2021-03-10 00:00:00,Trim. 1,marzo,10,3,2021
2021-03-11 00:00:00,Trim. 1,marzo,11,3,2021
2021-03-12 00:00:00,Trim. 1,marzo,12,3,2021
2021-03-13 00:00:00,Trim. 1,marzo,13,3,2021
2021-03-14 00:00:00,Trim. 1,marzo,14,3,2021
2021-03-15 00:00:00,Trim. 1,marzo,15,3,2021
2021-03-16 00:00:00,Trim. 1,marzo,16,3,2021
2021-03-17 00:00:00,Trim. 1,marzo,17,3,2021
2021-03-18 00:00:00,Trim. 1,marzo,18,3,2021
2021-03-19 00:00:00,Trim. 1,marzo,19,3,2021
2021-03-20 00:00:00,Trim. 1,marzo,20,3,2021
2021-03-21 00:00:00,Trim. 1,marzo,21,3,2021
2021-03-22 00:00:00,Trim. 1,marzo,22,3,2021
2021-03-23 00:00:00,Trim. 1,marzo,23,3,2021
2021-03-24 00:00:00,Trim. 1,marzo,24,3,2021
2021-03-25 00:00:00,Trim. 1,marzo,25,3,2021
2021-03-26 00:00:00,Trim. 1,marzo,26,3,2021
2021-03-27 00:00:00,Trim. 1,marzo,27,3,2021
2021-03-28 00:00:00,Trim. 1,marzo,28,3,2021
2021-03-29 00:00:00,Trim. 1,marzo,29,3,2021
2021-03-30 00:00:00,Trim. 1,marzo,30,3,2021
2021-03-31 00:00:00,Trim. 1,marzo,31,3,2021
2022-03-01 00:00:00,Trim. 1,marzo,1,3,2022
2022-03-02 00:00:00,Trim. 1,marzo,2,3,2022
2022-03-03 00:00:00,Trim. 1,marzo,3,3,2022
2022-03-04 00:00:00,Trim. 1,marzo,4,3,2022
2022-03-05 00:00:00,Trim. 1,marzo,5,3,2022
2022-03-06 00:00:00,Trim. 1,marzo,6,3,2022
2022-03-07 00:00:00,Trim. 1,marzo,7,3,2022
2022-03-08 00:00:00,Trim. 1,marzo,8,3,2022
2022-03-09 00:00:00,Trim. 1,marzo,9,3,2022
2022-03-10 00:00:00,Trim. 1,marzo,10,3,2022
2022-03-11 00:00:00,Trim. 1,marzo,11,3,2022
2022-03-12 00:00:00,Trim. 1,marzo,12,3,2022
2022-03-13 00:00:00,Trim. 1,marzo,13,3,2022
2022-03-14 00:00:00,Trim. 1,marzo,14,3,2022
2022-03-15 00:00:00,Trim. 1,marzo,15,3,2022
2022-03-16 00:00:00,Trim. 1,marzo,16,3,2022
2022-03-17 00:00:00,Trim. 1,marzo,17,3,2022
2022-03-18 00:00:00,Trim. 1,marzo,18,3,2022
2022-03-19 00:00:00,Trim. 1,marzo,19,3,2022
2022-03-20 00:00:00,Trim. 1,marzo,20,3,2022
2022-03-21 00:00:00,Trim. 1,marzo,21,3,2022
2022-03-22 00:00:00,Trim. 1,marzo,22,3,2022
2022-03-23 00:00:00,Trim. 1,marzo,23,3,2022
2022-03-24 00:00:00,Trim. 1,marzo,24,3,2022
2022-03-25 00:00:00,Trim. 1,marzo,25,3,2022
2022-03-26 00:00:00,Trim. 1,marzo,26,3,2022
2022-03-27 00:00:00,Trim. 1,marzo,27,3,2022
2022-03-28 00:00:00,Trim. 1,marzo,28,3,2022
2022-03-29 00:00:00,Trim. 1,marzo,29,3,2022
2022-03-30 00:00:00,Trim. 1,marzo,30,3,2022
2022-03-31 00:00:00,Trim. 1,marzo,31,3,2022
2023-03-01 00:00:00,Trim. 1,marzo,1,3,2023
2023-03-02 00:00:00,Trim. 1,marzo,2,3,2023
2023-03-03 00:00:00,Trim. 1,marzo,3,3,2023
2023-03-04 00:00:00,Trim. 1,marzo,4,3,2023
2023-03-05 00:00:00,Trim. 1,marzo,5,3,2023
2023-03-06 00:00:00,Trim. 1,marzo,6,3,2023
2023-03-07 00:00:00,Trim. 1,marzo,7,3,2023
2023-03-08 00:00:00,Trim. 1,marzo,8,3,2023
2023-03-09 00:00:00,Trim. 1,marzo,9,3,2023
2023-03-10 00:00:00,Trim. 1,marzo,10,3,2023
2023-03-11 00:00:00,Trim. 1,marzo,11,3,2023
2023-03-12 00:00:00,Trim. 1,marzo,12,3,2023
2023-03-13 00:00:00,Trim. 1,marzo,13,3,2023
2023-03-14 00:00:00,Trim. 1,marzo,14,3,2023
2023-03-15 00:00:00,Trim. 1,marzo,15,3,2023
2023-03-16 00:00:00,Trim. 1,marzo,16,3,2023
2023-03-17 00:00:00,Trim. 1,marzo,17,3,2023
2023-03-18 00:00:00,Trim. 1,marzo,18,3,2023
2023-03-19 00:00:00,Trim. 1,marzo,19,3,2023
2023-03-20 00:00:00,Trim. 1,marzo,20,3,2023
2023-03-21 00:00:00,Trim. 1,marzo,21,3,2023
2023-03-22 00:00:00,Trim. 1,marzo,22,3,2023
2023-03-23 00:00:00,Trim. 1,marzo,23,3,2023
2023-03-24 00:00:00,Trim. 1,marzo,24,3,2023
2023-03-25 00:00:00,Trim. 1,marzo,25,3,2023
2023-03-26 00:00:00,Trim. 1,marzo,26,3,2023
2023-03-27 00:00:00,Trim. 1,marzo,27,3,2023
2023-03-28 00:00:00,Trim. 1,marzo,28,3,2023
2023-03-29 00:00:00,Trim. 1,marzo,29,3,2023
2023-03-30 00:00:00,Trim. 1,marzo,30,3,2023
2023-03-31 00:00:00,Trim. 1,marzo,31,3,2023
2024-03-01 00:00:00,Trim. 1,marzo,1,3,2024
2024-03-02 00:00:00,Trim. 1,marzo,2,3,2024
2024-03-03 00:00:00,Trim. 1,marzo,3,3,2024
2024-03-04 00:00:00,Trim. 1,marzo,4,3,2024
2024-03-05 00:00:00,Trim. 1,marzo,5,3,2024
2024-03-06 00:00:00,Trim. 1,marzo,6,3,2024
2024-03-07 00:00:00,Trim. 1,marzo,7,3,2024
2024-03-08 00:00:00,Trim. 1,marzo,8,3,2024
2024-03-09 00:00:00,Trim. 1,marzo,9,3,2024
2024-03-10 00:00:00,Trim. 1,marzo,10,3,2024
2024-03-11 00:00:00,Trim. 1,marzo,11,3,2024
2024-03-12 00:00:00,Trim. 1,marzo,12,3,2024
2024-03-13 00:00:00,Trim. 1,marzo,13,3,2024
2024-03-14 00:00:00,Trim. 1,marzo,14,3,2024
2024-03-15 00:00:00,Trim. 1,marzo,15,3,2024
2024-03-16 00:00:00,Trim. 1,marzo,16,3,2024
2024-03-17 00:00:00,Trim. 1,marzo,17,3,2024
2024-03-18 00:00:00,Trim. 1,marzo,18,3,2024
2024-03-19 00:00:00,Trim. 1,marzo,19,3,2024
2024-03-20 00:00:00,Trim. 1,marzo,20,3,2024
2024-03-21 00:00:00,Trim. 1,marzo,21,3,2024
2024-03-22 00:00:00,Trim. 1,marzo,22,3,2024
2024-03-23 00:00:00,Trim. 1,marzo,23,3,2024
2024-03-24 00:00:00,Trim. 1,marzo,24,3,2024
2024-03-25 00:00:00,Trim. 1,marzo,25,3,2024
2024-03-26 00:00:00,Trim. 1,marzo,26,3,2024
2024-03-27 00:00:00,Trim. 1,marzo,27,3,2024
2024-03-28 00:00:00,Trim. 1,marzo,28,3,2024
2024-03-29 00:00:00,Trim. 1,marzo,29,3,2024
2024-03-30 00:00:00,Trim. 1,marzo,30,3,2024
2024-03-31 00:00:00,Trim. 1,marzo,31,3,2024
2020-04-01 00:00:00,Trim. 2,abril,1,4,2020
2020-04-02 00:00:00,Trim. 2,abril,2,4,2020
2020-04-03 00:00:00,Trim. 2,abril,3,4,2020
2020-04-04 00:00:00,Trim. 2,abril,4,4,2020
2020-04-05 00:00:00,Trim. 2,abril,5,4,2020
2020-04-06 00:00:00,Trim. 2,abril,6,4,2020
2020-04-07 00:00:00,Trim. 2,abril,7,4,2020
2020-04-08 00:00:00,Trim. 2,abril,8,4,2020
2020-04-09 00:00:00,Trim. 2,abril,9,4,2020
2020-04-10 00:00:00,Trim. 2,abril,10,4,2020
2020-04-11 00:00:00,Trim. 2,abril,11,4,2020
2020-04-12 00:00:00,Trim. 2,abril,12,4,2020
2020-04-13 00:00:00,Trim. 2,abril,13,4,2020
2020-04-14 00:00:00,Trim. 2,abril,14,4,2020
2020-04-15 00:00:00,Trim. 2,abril,15,4,2020
2020-04-16 00:00:00,Trim. 2,abril,16,4,2020
2020-04-17 00:00:00,Trim. 2,abril,17,4,2020
2020-04-18 00:00:00,Trim. 2,abril,18,4,2020
2020-04-19 00:00:00,Trim. 2,abril,19,4,2020
2020-04-20 00:00:00,Trim. 2,abril,20,4,2020
2020-04-21 00:00:00,Trim. 2,abril,21,4,2020
2020-04-22 00:00:00,Trim. 2,abril,22,4,2020
2020-04-23 00:00:00,Trim. 2,abril,23,4,2020
2020-04-24 00:00:00,Trim. 2,abril,24,4,2020
2020-04-25 00:00:00,Trim. 2,abril,25,4,2020
2020-04-26 00:00:00,Trim. 2,abril,26,4,2020
2020-04-27 00:00:00,Trim. 2,abril,27,4,2020
2020-04-28 00:00:00,Trim. 2,abril,28,4,2020
2020-04-29 00:00:00,Trim. 2,abril,29,4,2020
2020-04-30 00:00:00,Trim. 2,abril,30,4,2020
2021-04-01 00:00:00,Trim. 2,abril,1,4,2021
2021-04-02 00:00:00,Trim. 2,abril,2,4,2021
2021-04-03 00:00:00,Trim. 2,abril,3,4,2021
2021-04-04 00:00:00,Trim. 2,abril,4,4,2021
2021-04-05 00:00:00,Trim. 2,abril,5,4,2021
2021-04-06 00:00:00,Trim. 2,abril,6,4,2021
2021-04-07 00:00:00,Trim. 2,abril,7,4,2021
2021-04-08 00:00:00,Trim. 2,abril,8,4,2021
2021-04-09 00:00:00,Trim. 2,abril,9,4,2021
2021-04-10 00:00:00,Trim. 2,abril,10,4,2021
2021-04-11 00:00:00,Trim. 2,abril,11,4,2021
2021-04-12 00:00:00,Trim. 2,abril,12,4,2021
2021-04-13 00:00:00,Trim. 2,abril,13,4,2021
2021-04-14 00:00:00,Trim. 2,abril,14,4,2021
2021-04-15 00:00:00,Trim. 2,abril,15,4,2021
2021-04-16 00:00:00,Trim. 2,abril,16,4,2021
2021-04-17 00:00:00,Trim. 2,abril,17,4,2021
2021-04-18 00:00:00,Trim. 2,abril,18,4,2021
2021-04-19 00:00:00,Trim. 2,abril,19,4,2021
2021-04-20 00:00:00,Trim. 2,abril,20,4,2021
2021-04-21 00:00:00,Trim. 2,abril,21,4,2021
2021-04-22 00:00:00,Trim. 2,abril,22,4,2021
2021-04-23 00:00:00,Trim. 2,abril,23,4,2021
2021-04-24 00:00:00,Trim. 2,abril,24,4,2021
2021-04-25 00:00:00,Trim. 2,abril,25,4,2021
2021-04-26 00:00:00,Trim. 2,abril,26,4,2021
2021-04-27 00:00:00,Trim. 2,abril,27,4,2021
2021-04-28 00:00:00,Trim. 2,abril,28,4,2021
2021-04-29 00:00:00,Trim. 2,abril,29,4,2021
2021-04-30 00:00:00,Trim. 2,abril,30,4,2021
2022-04-01 00:00:00,Trim. 2,abril,1,4,2022
2022-04-02 00:00:00,Trim. 2,abril,2,4,2022
2022-04-03 00:00:00,Trim. 2,abril,3,4,2022
2022-04-04 00:00:00,Trim. 2,abril,4,4,2022
2022-04-05 00:00:00,Trim. 2,abril,5,4,2022
2022-04-06 00:00:00,Trim. 2,abril,6,4,2022
2022-04-07 00:00:00,Trim. 2,abril,7,4,2022
2022-04-08 00:00:00,Trim. 2,abril,8,4,2022
2022-04-09 00:00:00,Trim. 2,abril,9,4,2022
2022-04-10 00:00:00,Trim. 2,abril,10,4,2022
2022-04-11 00:00:00,Trim. 2,abril,11,4,2022
2022-04-12 00:00:00,Trim. 2,abril,12,4,2022
2022-04-13 00:00:00,Trim. 2,abril,13,4,2022
2022-04-14 00:00:00,Trim. 2,abril,14,4,2022
2022-04-15 00:00:00,Trim. 2,abril,15,4,2022
2022-04-16 00:00:00,Trim. 2,abril,16,4,2022
2022-04-17 00:00:00,Trim. 2,abril,17,4,2022
2022-04-18 00:00:00,Trim. 2,abril,18,4,2022
2022-04-19 00:00:00,Trim. 2,abril,19,4,2022
2022-04-20 00:00:00,Trim. 2,abril,20,4,2022
2022-04-21 00:00:00,Trim. 2,abril,21,4,2022
2022-04-22 00:00:00,Trim. 2,abril,22,4,2022
2022-04-23 00:00:00,Trim. 2,abril,23,4,2022
2022-04-24 00:00:00,Trim. 2,abril,24,4,2022
2022-04-25 00:00:00,Trim. 2,abril,25,4,2022
2022-04-26 00:00:00,Trim. 2,abril,26,4,2022
2022-04-27 00:00:00,Trim. 2,abril,27,4,2022
2022-04-28 00:00:00,Trim. 2,abril,28,4,2022
2022-04-29 00:00:00,Trim. 2,abril,29,4,2022
2022-04-30 00:00:00,Trim. 2,abril,30,4,2022
2023-04-01 00:00:00,Trim. 2,abril,1,4,2023
2023-04-02 00:00:00,Trim. 2,abril,2,4,2023
2023-04-03 00:00:00,Trim. 2,abril,3,4,2023
2023-04-04 00:00:00,Trim. 2,abril,4,4,2023
2023-04-05 00:00:00,Trim. 2,abril,5,4,2023
2023-04-06 00:00:00,Trim. 2,abril,6,4,2023
2023-04-07 00:00:00,Trim. 2,abril,7,4,2023
2023-04-08 00:00:00,Trim. 2,abril,8,4,2023
2023-04-09 00:00:00,Trim. 2,abril,9,4,2023
2023-04-10 00:00:00,Trim. 2,abril,10,4,2023
2023-04-11 00:00:00,Trim. 2,abril,11,4,2023
2023-04-12 00:00:00,Trim. 2,abril,12,4,2023
2023-04-13 00:00:00,Trim. 2,abril,13,4,2023
2023-04-14 00:00:00,Trim. 2,abril,14,4,2023
2023-04-15 00:00:00,Trim. 2,abril,15,4,2023
2023-04-16 00:00:00,Trim. 2,abril,16,4,2023
2023-04-17 00:00:00,Trim. 2,abril,17,4,2023
2023-04-18 00:00:00,Trim. 2,abril,18,4,2023
2023-04-19 00:00:00,Trim. 2,abril,19,4,2023
2023-04-20 00:00:00,Trim. 2,abril,20,4,2023
2023-04-21 00:00:00,Trim. 2,abril,21,4,2023
2023-04-22 00:00:00,Trim. 2,abril,22,4,2023
2023-04-23 00:00:00,Trim. 2,abril,23,4,2023
2023-04-24 00:00:00,Trim. 2,abril,24,4,2023
2023-04-25 00:00:00,Trim. 2,abril,25,4,2023
2023-04-26 00:00:00,Trim. 2,abril,26,4,2023
2023-04-27 00:00:00,Trim. 2,abril,27,4,2023
2023-04-28 00:00:00,Trim. 2,abril,28,4,2023
2023-04-29 00:00:00,Trim. 2,abril,29,4,2023
2023-04-30 00:00:00,Trim. 2,abril,30,4,2023
2024-04-01 00:00:00,Trim. 2,abril,1,4,2024
2024-04-02 00:00:00,Trim. 2,abril,2,4,2024
2024-04-03 00:00:00,Trim. 2,abril,3,4,2024
2024-04-04 00:00:00,Trim. 2,abril,4,4,2024
2024-04-05 00:00:00,Trim. 2,abril,5,4,2024
2024-04-06 00:00:00,Trim. 2,abril,6,4,2024
2024-04-07 00:00:00,Trim. 2,abril,7,4,2024
2024-04-08 00:00:00,Trim. 2,abril,8,4,2024
2024-04-09 00:00:00,Trim. 2,abril,9,4,2024
2024-04-10 00:00:00,Trim. 2,abril,10,4,2024
2024-04-11 00:00:00,Trim. 2,abril,11,4,2024
2024-04-12 00:00:00,Trim. 2,abril,12,4,2024
2024-04-13 00:00:00,Trim. 2,abril,13,4,2024
2024-04-14 00:00:00,Trim. 2,abril,14,4,2024
2024-04-15 00:00:00,Trim. 2,abril,15,4,2024
2024-04-16 00:00:00,Trim. 2,abril,16,4,2024
2024-04-17 00:00:00,Trim. 2,abril,17,4,2024
2024-04-18 00:00:00,Trim. 2,abril,18,4,2024
2024-04-19 00:00:00,Trim. 2,abril,19,4,2024
2024-04-20 00:00:00,Trim. 2,abril,20,4,2024
2024-04-21 00:00:00,Trim. 2,abril,21,4,2024
2024-04-22 00:00:00,Trim. 2,abril,22,4,2024
2024-04-23 00:00:00,Trim. 2,abril,23,4,2024
2024-04-24 00:00:00,Trim. 2,abril,24,4,2024
2024-04-25 00:00:00,Trim. 2,abril,25,4,2024
2024-04-26 00:00:00,Trim. 2,abril,26,4,2024
2024-04-27 00:00:00,Trim. 2,abril,27,4,2024
2024-04-28 00:00:00,Trim. 2,abril,28,4,2024
2024-04-29 00:00:00,Trim. 2,abril,29,4,2024
2024-04-30 00:00:00,Trim. 2,abril,30,4,2024
2020-05-01 00:00:00,Trim. 2,mayo,1,5,2020
2020-05-02 00:00:00,Trim. 2,mayo,2,5,2020
2020-05-03 00:00:00,Trim. 2,mayo,3,5,2020
2020-05-04 00:00:00,Trim. 2,mayo,4,5,2020
2020-05-05 00:00:00,Trim. 2,mayo,5,5,2020
2020-05-06 00:00:00,Trim. 2,mayo,6,5,2020
2020-05-07 00:00:00,Trim. 2,mayo,7,5,2020
2020-05-08 00:00:00,Trim. 2,mayo,8,5,2020
2020-05-09 00:00:00,Trim. 2,mayo,9,5,2020
2020-05-10 00:00:00,Trim. 2,mayo,10,5,2020
2020-05-11 00:00:00,Trim. 2,mayo,11,5,2020
2020-05-12 00:00:00,Trim. 2,mayo,12,5,2020
2020-05-13 00:00:00,Trim. 2,mayo,13,5,2020
2020-05-14 00:00:00,Trim. 2,mayo,14,5,2020
2020-05-15 00:00:00,Trim. 2,mayo,15,5,2020
2020-05-16 00:00:00,Trim. 2,mayo,16,5,2020
2020-05-17 00:00:00,Trim. 2,mayo,17,5,2020
2020-05-18 00:00:00,Trim. 2,mayo,18,5,2020
2020-05-19 00:00:00,Trim. 2,mayo,19,5,2020
2020-05-20 00:00:00,Trim. 2,mayo,20,5,2020
2020-05-21 00:00:00,Trim. 2,mayo,21,5,2020
2020-05-22 00:00:00,Trim. 2,mayo,22,5,2020
2020-05-23 00:00:00,Trim. 2,mayo,23,5,2020
2020-05-24 00:00:00,Trim. 2,mayo,24,5,2020
2020-05-25 00:00:00,Trim. 2,mayo,25,5,2020
2020-05-26 00:00:00,Trim. 2,mayo,26,5,2020
2020-05-27 00:00:00,Trim. 2,mayo,27,5,2020
2020-05-28 00:00:00,Trim. 2,mayo,28,5,2020
2020-05-29 00:00:00,Trim. 2,mayo,29,5,2020
2020-05-30 00:00:00,Trim. 2,mayo,30,5,2020
2020-05-31 00:00:00,Trim. 2,mayo,31,5,2020
2021-05-01 00:00:00,Trim. 2,mayo,1,5,2021
2021-05-02 00:00:00,Trim. 2,mayo,2,5,2021
2021-05-03 00:00:00,Trim. 2,mayo,3,5,2021
2021-05-04 00:00:00,Trim. 2,mayo,4,5,2021
2021-05-05 00:00:00,Trim. 2,mayo,5,5,2021
2021-05-06 00:00:00,Trim. 2,mayo,6,5,2021
2021-05-07 00:00:00,Trim. 2,mayo,7,5,2021
2021-05-08 00:00:00,Trim. 2,mayo,8,5,2021
2021-05-09 00:00:00,Trim. 2,mayo,9,5,2021
2021-05-10 00:00:00,Trim. 2,mayo,10,5,2021
2021-05-11 00:00:00,Trim. 2,mayo,11,5,2021
2021-05-12 00:00:00,Trim. 2,mayo,12,5,2021
2021-05-13 00:00:00,Trim. 2,mayo,13,5,2021
2021-05-14 00:00:00,Trim. 2,mayo,14,5,2021
2021-05-15 00:00:00,Trim. 2,mayo,15,5,2021
2021-05-16 00:00:00,Trim. 2,mayo,16,5,2021
2021-05-17 00:00:00,Trim. 2,mayo,17,5,2021
2021-05-18 00:00:00,Trim. 2,mayo,18,5,2021
2021-05-19 00:00:00,Trim. 2,mayo,19,5,2021
2021-05-20 00:00:00,Trim. 2,mayo,20,5,2021
2021-05-21 00:00:00,Trim. 2,mayo,21,5,2021
2021-05-22 00:00:00,Trim. 2,mayo,22,5,2021
2021-05-23 00:00:00,Trim. 2,mayo,23,5,2021
2021-05-24 00:00:00,Trim. 2,mayo,24,5,2021
2021-05-25 00:00:00,Trim. 2,mayo,25,5,2021
2021-05-26 00:00:00,Trim. 2,mayo,26,5,2021
2021-05-27 00:00:00,Trim. 2,mayo,27,5,2021
2021-05-28 00:00:00,Trim. 2,mayo,28,5,2021
2021-05-29 00:00:00,Trim. 2,mayo,29,5,2021
2021-05-30 00:00:00,Trim. 2,mayo,30,5,2021
2021-05-31 00:00:00,Trim. 2,mayo,31,5,2021
2022-05-01 00:00:00,Trim. 2,mayo,1,5,2022
2022-05-02 00:00:00,Trim. 2,mayo,2,5,2022
2022-05-03 00:00:00,Trim. 2,mayo,3,5,2022
2022-05-04 00:00:00,Trim. 2,mayo,4,5,2022
2022-05-05 00:00:00,Trim. 2,mayo,5,5,2022
2022-05-06 00:00:00,Trim. 2,mayo,6,5,2022
2022-05-07 00:00:00,Trim. 2,mayo,7,5,2022
2022-05-08 00:00:00,Trim. 2,mayo,8,5,2022
2022-05-09 00:00:00,Trim. 2,mayo,9,5,2022
2022-05-10 00:00:00,Trim. 2,mayo,10,5,2022
2022-05-11 00:00:00,Trim. 2,mayo,11,5,2022
2022-05-12 00:00:00,Trim. 2,mayo,12,5,2022
2022-05-13 00:00:00,Trim. 2,mayo,13,5,2022
2022-05-14 00:00:00,Trim. 2,mayo,14,5,2022
2022-05-15 00:00:00,Trim. 2,mayo,15,5,2022
2022-05-16 00:00:00,Trim. 2,mayo,16,5,2022
2022-05-17 00:00:00,Trim. 2,mayo,17,5,2022
2022-05-18 00:00:00,Trim. 2,mayo,18,5,2022
2022-05-19 00:00:00,Trim. 2,mayo,19,5,2022
2022-05-20 00:00:00,Trim. 2,mayo,20,5,2022
2022-05-21 00:00:00,Trim. 2,mayo,21,5,2022
2022-05-22 00:00:00,Trim. 2,mayo,22,5,2022
2022-05-23 00:00:00,Trim. 2,mayo,23,5,2022
2022-05-24 00:00:00,Trim. 2,mayo,24,5,2022
2022-05-25 00:00:00,Trim. 2,mayo,25,5,2022
2022-05-26 00:00:00,Trim. 2,mayo,26,5,2022
2022-05-27 00:00:00,Trim. 2,mayo,27,5,2022
2022-05-28 00:00:00,Trim. 2,mayo,28,5,2022
2022-05-29 00:00:00,Trim. 2,mayo,29,5,2022
2022-05-30 00:00:00,Trim. 2,mayo,30,5,2022
2022-05-31 00:00:00,Trim. 2,mayo,31,5,2022
2023-05-01 00:00:00,Trim. 2,mayo,1,5,2023
2023-05-02 00:00:00,Trim. 2,mayo,2,5,2023
2023-05-03 00:00:00,Trim. 2,mayo,3,5,2023
2023-05-04 00:00:00,Trim. 2,mayo,4,5,2023
2023-05-05 00:00:00,Trim. 2,mayo,5,5,2023
2023-05-06 00:00:00,Trim. 2,mayo,6,5,2023
2023-05-07 00:00:00,Trim. 2,mayo,7,5,2023
2023-05-08 00:00:00,Trim. 2,mayo,8,5,2023
2023-05-09 00:00:00,Trim. 2,mayo,9,5,2023
2023-05-10 00:00:00,Trim. 2,mayo,10,5,2023
2023-05-11 00:00:00,Trim. 2,mayo,11,5,2023
2023-05-12 00:00:00,Trim. 2,mayo,12,5,2023
2023-05-13 00:00:00,Trim. 2,mayo,13,5,2023
2023-05-14 00:00:00,Trim. 2,mayo,14,5,2023
2023-05-15 00:00:00,Trim. 2,mayo,15,5,2023
2023-05-16 00:00:00,Trim. 2,mayo,16,5,2023
2023-05-17 00:00:00,Trim. 2,mayo,17,5,2023
2023-05-18 00:00:00,Trim. 2,mayo,18,5,2023
2023-05-19 00:00:00,Trim. 2,mayo,19,5,2023
2023-05-20 00:00:00,Trim. 2,mayo,20,5,2023
2023-05-21 00:00:00,Trim. 2,mayo,21,5,2023
2023-05-22 00:00:00,Trim. 2,mayo,22,5,2023
2023-05-23 00:00:00,Trim. 2,mayo,23,5,2023
2023-05-24 00:00:00,Trim. 2,mayo,24,5,2023
2023-05-25 00:00:00,Trim. 2,mayo,25,5,2023
2023-05-26 00:00:00,Trim. 2,mayo,26,5,2023
2023-05-27 00:00:00,Trim. 2,mayo,27,5,2023
2023-05-28 00:00:00,Trim. 2,mayo,28,5,2023
2023-05-29 00:00:00,Trim. 2,mayo,29,5,2023
2023-05-30 00:00:00,Trim. 2,mayo,30,5,2023
2023-05-31 00:00:00,Trim. 2,mayo,31,5,2023
2024-05-01 00:00:00,Trim. 2,mayo,1,5,2024
2024-05-02 00:00:00,Trim. 2,mayo,2,5,2024
2024-05-03 00:00:00,Trim. 2,mayo,3,5,2024
2024-05-04 00:00:00,Trim. 2,mayo,4,5,2024
2024-05-05 00:00:00,Trim. 2,mayo,5,5,2024
2024-05-06 00:00:00,Trim. 2,mayo,6,5,2024
2024-05-07 00:00:00,Trim. 2,mayo,7,5,2024
2024-05-08 00:00:00,Trim. 2,mayo,8,5,2024
2024-05-09 00:00:00,Trim. 2,mayo,9,5,2024
2024-05-10 00:00:00,Trim. 2,mayo,10,5,2024
2024-05-11 00:00:00,Trim. 2,mayo,11,5,2024
2024-05-12 00:00:00,Trim. 2,mayo,12,5,2024
2024-05-13 00:00:00,Trim. 2,mayo,13,5,2024
2024-05-14 00:00:00,Trim. 2,mayo,14,5,2024
2024-05-15 00:00:00,Trim. 2,mayo,15,5,2024
2024-05-16 00:00:00,Trim. 2,mayo,16,5,2024
2024-05-17 00:00:00,Trim. 2,mayo,17,5,2024
2024-05-18 00:00:00,Trim. 2,mayo,18,5,2024
2024-05-19 00:00:00,Trim. 2,mayo,19,5,2024
2024-05-20 00:00:00,Trim. 2,mayo,20,5,2024
2024-05-21 00:00:00,Trim. 2,mayo,21,5,2024
2024-05-22 00:00:00,Trim. 2,mayo,22,5,2024
2024-05-23 00:00:00,Trim. 2,mayo,23,5,2024
2024-05-24 00:00:00,Trim. 2,mayo,24,5,2024
2024-05-25 00:00:00,Trim. 2,mayo,25,5,2024
2024-05-26 00:00:00,Trim. 2,mayo,26,5,2024
2024-05-27 00:00:00,Trim. 2,mayo,27,5,2024
2024-05-28 00:00:00,Trim. 2,mayo,28,5,2024
2024-05-29 00:00:00,Trim. 2,mayo,29,5,2024
2024-05-30 00:00:00,Trim. 2,mayo,30,5,2024
2024-05-31 00:00:00,Trim. 2,mayo,31,5,2024
2020-06-01 00:00:00,Trim. 2,junio,1,6,2020
2020-06-02 00:00:00,Trim. 2,junio,2,6,2020
2020-06-03 00:00:00,Trim. 2,junio,3,6,2020
2020-06-04 00:00:00,Trim. 2,junio,4,6,2020
2020-06-05 00:00:00,Trim. 2,junio,5,6,2020
2020-06-06 00:00:00,Trim. 2,junio,6,6,2020
2020-06-07 00:00:00,Trim. 2,junio,7,6,2020
2020-06-08 00:00:00,Trim. 2,junio,8,6,2020
2020-06-09 00:00:00,Trim. 2,junio,9,6,2020
2020-06-10 00:00:00,Trim. 2,junio,10,6,2020
2020-06-11 00:00:00,Trim. 2,junio,11,6,2020
2020-06-12 00:00:00,Trim. 2,junio,12,6,2020
2020-06-13 00:00:00,Trim. 2,junio,13,6,2020
2020-06-14 00:00:00,Trim. 2,junio,14,6,2020
2020-06-15 00:00:00,Trim. 2,junio,15,6,2020
2020-06-16 00:00:00,Trim. 2,junio,16,6,2020
2020-06-17 00:00:00,Trim. 2,junio,17,6,2020
2020-06-18 00:00:00,Trim. 2,junio,18,6,2020
2020-06-19 00:00:00,Trim. 2,junio,19,6,2020
2020-06-20 00:00:00,Trim. 2,junio,20,6,2020
2020-06-21 00:00:00,Trim. 2,junio,21,6,2020
2020-06-22 00:00:00,Trim. 2,junio,22,6,2020
2020-06-23 00:00:00,Trim. 2,junio,23,6,2020
2020-06-24 00:00:00,Trim. 2,junio,24,6,2020
2020-06-25 00:00:00,Trim. 2,junio,25,6,2020
2020-06-26 00:00:00,Trim. 2,junio,26,6,2020
2020-06-27 00:00:00,Trim. 2,junio,27,6,2020
2020-06-28 00:00:00,Trim. 2,junio,28,6,2020
2020-06-29 00:00:00,Trim. 2,junio,29,6,2020
2020-06-30 00:00:00,Trim. 2,junio,30,6,2020
2021-06-01 00:00:00,Trim. 2,junio,1,6,2021
2021-06-02 00:00:00,Trim. 2,junio,2,6,2021
2021-06-03 00:00:00,Trim. 2,junio,3,6,2021
2021-06-04 00:00:00,Trim. 2,junio,4,6,2021
2021-06-05 00:00:00,Trim. 2,junio,5,6,2021
2021-06-06 00:00:00,Trim. 2,junio,6,6,2021
2021-06-07 00:00:00,Trim. 2,junio,7,6,2021
2021-06-08 00:00:00,Trim. 2,junio,8,6,2021
2021-06-09 00:00:00,Trim. 2,junio,9,6,2021
2021-06-10 00:00:00,Trim. 2,junio,10,6,2021
2021-06-11 00:00:00,Trim. 2,junio,11,6,2021
2021-06-12 00:00:00,Trim. 2,junio,12,6,2021
2021-06-13 00:00:00,Trim. 2,junio,13,6,2021
2021-06-14 00:00:00,Trim. 2,junio,14,6,2021
2021-06-15 00:00:00,Trim. 2,junio,15,6,2021
2021-06-16 00:00:00,Trim. 2,junio,16,6,2021
2021-06-17 00:00:00,Trim. 2,junio,17,6,2021
2021-06-18 00:00:00,Trim. 2,junio,18,6,2021
2021-06-19 00:00:00,Trim. 2,junio,19,6,2021
2021-06-20 00:00:00,Trim. 2,junio,20,6,2021
2021-06-21 00:00:00,Trim. 2,junio,21,6,2021
2021-06-22 00:00:00,Trim. 2,junio,22,6,2021
2021-06-23 00:00:00,Trim. 2,junio,23,6,2021
2021-06-24 00:00:00,Trim. 2,junio,24,6,2021
2021-06-25 00:00:00,Trim. 2,junio,25,6,2021
2021-06-26 00:00:00,Trim. 2,junio,26,6,2021
2021-06-27 00:00:00,Trim. 2,junio,27,6,2021
2021-06-28 00:00:00,Trim. 2,junio,28,6,2021
2021-06-29 00:00:00,Trim. 2,junio,29,6,2021
2021-06-30 00:00:00,Trim. 2,junio,30,6,2021
2022-06-01 00:00:00,Trim. 2,junio,1,6,2022
2022-06-02 00:00:00,Trim. 2,junio,2,6,2022
2022-06-03 00:00:00,Trim. 2,junio,3,6,2022
2022-06-04 00:00:00,Trim. 2,junio,4,6,2022
2022-06-05 00:00:00,Trim. 2,junio,5,6,2022
2022-06-06 00:00:00,Trim. 2,junio,6,6,2022
2022-06-07 00:00:00,Trim. 2,junio,7,6,2022
2022-06-08 00:00:00,Trim. 2,junio,8,6,2022
2022-06-09 00:00:00,Trim. 2,junio,9,6,2022
2022-06-10 00:00:00,Trim. 2,junio,10,6,2022
2022-06-11 00:00:00,Trim. 2,junio,11,6,2022
2022-06-12 00:00:00,Trim. 2,junio,12,6,2022
2022-06-13 00:00:00,Trim. 2,junio,13,6,2022
2022-06-14 00:00:00,Trim. 2,junio,14,6,2022
2022-06-15 00:00:00,Trim. 2,junio,15,6,2022
2022-06-16 00:00:00,Trim. 2,junio,16,6,2022
2022-06-17 00:00:00,Trim. 2,junio,17,6,2022
2022-06-18 00:00:00,Trim. 2,junio,18,6,2022
2022-06-19 00:00:00,Trim. 2,junio,19,6,2022
2022-06-20 00:00:00,Trim. 2,junio,20,6,2022
2022-06-21 00:00:00,Trim. 2,junio,21,6,2022
2022-06-22 00:00:00,Trim. 2,junio,22,6,2022
2022-06-23 00:00:00,Trim. 2,junio,23,6,2022
2022-06-24 00:00:00,Trim. 2,junio,24,6,2022
2022-06-25 00:00:00,Trim. 2,junio,25,6,2022
2022-06-26 00:00:00,Trim. 2,junio,26,6,2022
2022-06-27 00:00:00,Trim. 2,junio,27,6,2022
2022-06-28 00:00:00,Trim. 2,junio,28,6,2022
2022-06-29 00:00:00,Trim. 2,junio,29,6,2022
2022-06-30 00:00:00,Trim. 2,junio,30,6,2022
2023-06-01 00:00:00,Trim. 2,junio,1,6,2023
2023-06-02 00:00:00,Trim. 2,junio,2,6,2023
2023-06-03 00:00:00,Trim. 2,junio,3,6,2023
2023-06-04 00:00:00,Trim. 2,junio,4,6,2023
2023-06-05 00:00:00,Trim. 2,junio,5,6,2023
2023-06-06 00:00:00,Trim. 2,junio,6,6,2023
2023-06-07 00:00:00,Trim. 2,junio,7,6,2023
2023-06-08 00:00:00,Trim. 2,junio,8,6,2023
2023-06-09 00:00:00,Trim. 2,junio,9,6,2023
2023-06-10 00:00:00,Trim. 2,junio,10,6,2023
2023-06-11 00:00:00,Trim. 2,junio,11,6,2023
2023-06-12 00:00:00,Trim. 2,junio,12,6,2023
2023-06-13 00:00:00,Trim. 2,junio,13,6,2023
2023-06-14 00:00:00,Trim. 2,junio,14,6,2023
2023-06-15 00:00:00,Trim. 2,junio,15,6,2023
2023-06-16 00:00:00,Trim. 2,junio,16,6,2023
2023-06-17 00:00:00,Trim. 2,junio,17,6,2023
2023-06-18 00:00:00,Trim. 2,junio,18,6,2023
2023-06-19 00:00:00,Trim. 2,junio,19,6,2023
2023-06-20 00:00:00,Trim. 2,junio,20,6,2023
2023-06-21 00:00:00,Trim. 2,junio,21,6,2023
2023-06-22 00:00:00,Trim. 2,junio,22,6,2023
2023-06-23 00:00:00,Trim. 2,junio,23,6,2023
2023-06-24 00:00:00,Trim. 2,junio,24,6,2023
2023-06-25 00:00:00,Trim. 2,junio,25,6,2023
2023-06-26 00:00:00,Trim. 2,junio,26,6,2023
2023-06-27 00:00:00,Trim. 2,junio,27,6,2023
2023-06-28 00:00:00,Trim. 2,junio,28,6,2023
2023-06-29 00:00:00,Trim. 2,junio,29,6,2023
2023-06-30 00:00:00,Trim. 2,junio,30,6,2023
2024-06-01 00:00:00,Trim. 2,junio,1,6,2024
2024-06-02 00:00:00,Trim. 2,junio,2,6,2024
2024-06-03 00:00:00,Trim. 2,junio,3,6,2024
2024-06-04 00:00:00,Trim. 2,junio,4,6,2024
2024-06-05 00:00:00,Trim. 2,junio,5,6,2024
2024-06-06 00:00:00,Trim. 2,junio,6,6,2024
2024-06-07 00:00:00,Trim. 2,junio,7,6,2024
2024-06-08 00:00:00,Trim. 2,junio,8,6,2024
2024-06-09 00:00:00,Trim. 2,junio,9,6,2024
2024-06-10 00:00:00,Trim. 2,junio,10,6,2024
2024-06-11 00:00:00,Trim. 2,junio,11,6,2024
2024-06-12 00:00:00,Trim. 2,junio,12,6,2024
2024-06-13 00:00:00,Trim. 2,junio,13,6,2024
2024-06-14 00:00:00,Trim. 2,junio,14,6,2024
2024-06-15 00:00:00,Trim. 2,junio,15,6,2024
2024-06-16 00:00:00,Trim. 2,junio,16,6,2024
2024-06-17 00:00:00,Trim. 2,junio,17,6,2024
2024-06-18 00:00:00,Trim. 2,junio,18,6,2024
2024-06-19 00:00:00,Trim. 2,junio,19,6,2024
2024-06-20 00:00:00,Trim. 2,junio,20,6,2024
2024-06-21 00:00:00,Trim. 2,junio,21,6,2024
2024-06-22 00:00:00,Trim. 2,junio,22,6,2024
2024-06-23 00:00:00,Trim. 2,junio,23,6,2024
2024-06-24 00:00:00,Trim. 2,junio,24,6,2024
2024-06-25 00:00:00,Trim. 2,junio,25,6,2024
2024-06-26 00:00:00,Trim. 2,junio,26,6,2024
2024-06-27 00:00:00,Trim. 2,junio,27,6,2024
2024-06-28 00:00:00,Trim. 2,junio,28,6,2024
2024-06-29 00:00:00,Trim. 2,junio,29,6,2024
2024-06-30 00:00:00,Trim. 2,junio,30,6,2024
2020-07-01 00:00:00,Trim. 3,julio,1,7,2020
2020-07-02 00:00:00,Trim. 3,julio,2,7,2020
2020-07-03 00:00:00,Trim. 3,julio,3,7,2020
2020-07-04 00:00:00,Trim. 3,julio,4,7,2020
2020-07-05 00:00:00,Trim. 3,julio,5,7,2020
2020-07-06 00:00:00,Trim. 3,julio,6,7,2020
2020-07-07 00:00:00,Trim. 3,julio,7,7,2020
2020-07-08 00:00:00,Trim. 3,julio,8,7,2020
2020-07-09 00:00:00,Trim. 3,julio,9,7,2020
2020-07-10 00:00:00,Trim. 3,julio,10,7,2020
2020-07-11 00:00:00,Trim. 3,julio,11,7,2020
2020-07-12 00:00:00,Trim. 3,julio,12,7,2020
2020-07-13 00:00:00,Trim. 3,julio,13,7,2020
2020-07-14 00:00:00,Trim. 3,julio,14,7,2020
2020-07-15 00:00:00,Trim. 3,julio,15,7,2020
2020-07-16 00:00:00,Trim. 3,julio,16,7,2020
2020-07-17 00:00:00,Trim. 3,julio,17,7,2020
2020-07-18 00:00:00,Trim. 3,julio,18,7,2020
2020-07-19 00:00:00,Trim. 3,julio,19,7,2020
2020-07-20 00:00:00,Trim. 3,julio,20,7,2020
2020-07-21 00:00:00,Trim. 3,julio,21,7,2020
2020-07-22 00:00:00,Trim. 3,julio,22,7,2020
2020-07-23 00:00:00,Trim. 3,julio,23,7,2020
2020-07-24 00:00:00,Trim. 3,julio,24,7,2020
2020-07-25 00:00:00,Trim. 3,julio,25,7,2020
2020-07-26 00:00:00,Trim. 3,julio,26,7,2020
2020-07-27 00:00:00,Trim. 3,julio,27,7,2020
2020-07-28 00:00:00,Trim. 3,julio,28,7,2020
2020-07-29 00:00:00,Trim. 3,julio,29,7,2020
2020-07-30 00:00:00,Trim. 3,julio,30,7,2020
2020-07-31 00:00:00,Trim. 3,julio,31,7,2020
2021-07-01 00:00:00,Trim. 3,julio,1,7,2021
2021-07-02 00:00:00,Trim. 3,julio,2,7,2021
2021-07-03 00:00:00,Trim. 3,julio,3,7,2021
2021-07-04 00:00:00,Trim. 3,julio,4,7,2021
2021-07-05 00:00:00,Trim. 3,julio,5,7,2021
2021-07-06 00:00:00,Trim. 3,julio,6,7,2021
2021-07-07 00:00:00,Trim. 3,julio,7,7,2021
2021-07-08 00:00:00,Trim. 3,julio,8,7,2021
2021-07-09 00:00:00,Trim. 3,julio,9,7,2021
2021-07-10 00:00:00,Trim. 3,julio,10,7,2021
2021-07-11 00:00:00,Trim. 3,julio,11,7,2021
2021-07-12 00:00:00,Trim. 3,julio,12,7,2021
2021-07-13 00:00:00,Trim. 3,julio,13,7,2021
2021-07-14 00:00:00,Trim. 3,julio,14,7,2021
2021-07-15 00:00:00,Trim. 3,julio,15,7,2021
2021-07-16 00:00:00,Trim. 3,julio,16,7,2021
2021-07-17 00:00:00,Trim. 3,julio,17,7,2021
2021-07-18 00:00:00,Trim. 3,julio,18,7,2021
2021-07-19 00:00:00,Trim. 3,julio,19,7,2021
2021-07-20 00:00:00,Trim. 3,julio,20,7,2021
2021-07-21 00:00:00,Trim. 3,julio,21,7,2021
2021-07-22 00:00:00,Trim. 3,julio,22,7,2021
2021-07-23 00:00:00,Trim. 3,julio,23,7,2021
2021-07-24 00:00:00,Trim. 3,julio,24,7,2021
2021-07-25 00:00:00,Trim. 3,julio,25,7,2021
2021-07-26 00:00:00,Trim. 3,julio,26,7,2021
2021-07-27 00:00:00,Trim. 3,julio,27,7,2021
2021-07-28 00:00:00,Trim. 3,julio,28,7,2021
2021-07-29 00:00:00,Trim. 3,julio,29,7,2021
2021-07-30 00:00:00,Trim. 3,julio,30,7,2021
2021-07-31 00:00:00,Trim. 3,julio,31,7,2021
2022-07-01 00:00:00,Trim. 3,julio,1,7,2022
2022-07-02 00:00:00,Trim. 3,julio,2,7,2022
2022-07-03 00:00:00,Trim. 3,julio,3,7,2022
2022-07-04 00:00:00,Trim. 3,julio,4,7,2022
2022-07-05 00:00:00,Trim. 3,julio,5,7,2022
2022-07-06 00:00:00,Trim. 3,julio,6,7,2022
2022-07-07 00:00:00,Trim. 3,julio,7,7,2022
2022-07-08 00:00:00,Trim. 3,julio,8,7,2022
2022-07-09 00:00:00,Trim. 3,julio,9,7,2022
2022-07-10 00:00:00,Trim. 3,julio,10,7,2022
2022-07-11 00:00:00,Trim. 3,julio,11,7,2022
2022-07-12 00:00:00,Trim. 3,julio,12,7,2022
2022-07-13 00:00:00,Trim. 3,julio,13,7,2022
2022-07-14 00:00:00,Trim. 3,julio,14,7,2022
2022-07-15 00:00:00,Trim. 3,julio,15,7,2022
2022-07-16 00:00:00,Trim. 3,julio,16,7,2022
2022-07-17 00:00:00,Trim. 3,julio,17,7,2022
2022-07-18 00:00:00,Trim. 3,julio,18,7,2022
2022-07-19 00:00:00,Trim. 3,julio,19,7,2022
2022-07-20 00:00:00,Trim. 3,julio,20,7,2022
2022-07-21 00:00:00,Trim. 3,julio,21,7,2022
2022-07-22 00:00:00,Trim. 3,julio,22,7,2022
2022-07-23 00:00:00,Trim. 3,julio,23,7,2022
2022-07-24 00:00:00,Trim. 3,julio,24,7,2022
2022-07-25 00:00:00,Trim. 3,julio,25,7,2022
2022-07-26 00:00:00,Trim. 3,julio,26,7,2022
2022-07-27 00:00:00,Trim. 3,julio,27,7,2022
2022-07-28 00:00:00,Trim. 3,julio,28,7,2022
2022-07-29 00:00:00,Trim. 3,julio,29,7,2022
2022-07-30 00:00:00,Trim. 3,julio,30,7,2022
2022-07-31 00:00:00,Trim. 3,julio,31,7,2022
2023-07-01 00:00:00,Trim. 3,julio,1,7,2023
2023-07-02 00:00:00,Trim. 3,julio,2,7,2023
2023-07-03 00:00:00,Trim. 3,julio,3,7,2023
2023-07-04 00:00:00,Trim. 3,julio,4,7,2023
2023-07-05 00:00:00,Trim. 3,julio,5,7,2023
2023-07-06 00:00:00,Trim. 3,julio,6,7,2023
2023-07-07 00:00:00,Trim. 3,julio,7,7,2023
2023-07-08 00:00:00,Trim. 3,julio,8,7,2023
2023-07-09 00:00:00,Trim. 3,julio,9,7,2023
2023-07-10 00:00:00,Trim. 3,julio,10,7,2023
2023-07-11 00:00:00,Trim. 3,julio,11,7,2023
2023-07-12 00:00:00,Trim. 3,julio,12,7,2023
2023-07-13 00:00:00,Trim. 3,julio,13,7,2023
2023-07-14 00:00:00,Trim. 3,julio,14,7,2023
2023-07-15 00:00:00,Trim. 3,julio,15,7,2023
2023-07-16 00:00:00,Trim. 3,julio,16,7,2023
2023-07-17 00:00:00,Trim. 3,julio,17,7,2023
2023-07-18 00:00:00,Trim. 3,julio,18,7,2023
2023-07-19 00:00:00,Trim. 3,julio,19,7,2023
2023-07-20 00:00:00,Trim. 3,julio,20,7,2023
2023-07-21 00:00:00,Trim. 3,julio,21,7,2023
2023-07-22 00:00:00,Trim. 3,julio,22,7,2023
2023-07-23 00:00:00,Trim. 3,julio,23,7,2023
2023-07-24 00:00:00,Trim. 3,julio,24,7,2023
2023-07-25 00:00:00,Trim. 3,julio,25,7,2023
2023-07-26 00:00:00,Trim. 3,julio,26,7,2023
2023-07-27 00:00:00,Trim. 3,julio,27,7,2023
2023-07-28 00:00:00,Trim. 3,julio,28,7,2023
2023-07-29 00:00:00,Trim. 3,julio,29,7,2023
2023-07-30 00:00:00,Trim. 3,julio,30,7,2023
2023-07-31 00:00:00,Trim. 3,julio,31,7,2023
2024-07-01 00:00:00,Trim. 3,julio,1,7,2024
2024-07-02 00:00:00,Trim. 3,julio,2,7,2024
2024-07-03 00:00:00,Trim. 3,julio,3,7,2024
2024-07-04 00:00:00,Trim. 3,julio,4,7,2024
2024-07-05 00:00:00,Trim. 3,julio,5,7,2024
2024-07-06 00:00:00,Trim. 3,julio,6,7,2024
2024-07-07 00:00:00,Trim. 3,julio,7,7,2024
2024-07-08 00:00:00,Trim. 3,julio,8,7,2024
2024-07-09 00:00:00,Trim. 3,julio,9,7,2024
2024-07-10 00:00:00,Trim. 3,julio,10,7,2024
2024-07-11 00:00:00,Trim. 3,julio,11,7,2024
2024-07-12 00:00:00,Trim. 3,julio,12,7,2024
2024-07-13 00:00:00,Trim. 3,julio,13,7,2024
2024-07-14 00:00:00,Trim. 3,julio,14,7,2024
2024-07-15 00:00:00,Trim. 3,julio,15,7,2024
2024-07-16 00:00:00,Trim. 3,julio,16,7,2024
2024-07-17 00:00:00,Trim. 3,julio,17,7,2024
2024-07-18 00:00:00,Trim. 3,julio,18,7,2024
2024-07-19 00:00:00,Trim. 3,julio,19,7,2024
2024-07-20 00:00:00,Trim. 3,julio,20,7,2024
2024-07-21 00:00:00,Trim. 3,julio,21,7,2024
2024-07-22 00:00:00,Trim. 3,julio,22,7,2024
2024-07-23 00:00:00,Trim. 3,julio,23,7,2024
2024-07-24 00:00:00,Trim. 3,julio,24,7,2024
2024-07-25 00:00:00,Trim. 3,julio,25,7,2024
2024-07-26 00:00:00,Trim. 3,julio,26,7,2024
2024-07-27 00:00:00,Trim. 3,julio,27,7,2024
2024-07-28 00:00:00,Trim. 3,julio,28,7,2024
2024-07-29 00:00:00,Trim. 3,julio,29,7,2024
2024-07-30 00:00:00,Trim. 3,julio,30,7,2024
2024-07-31 00:00:00,Trim. 3,julio,31,7,2024
2020-08-01 00:00:00,Trim. 3,agosto,1,8,2020
2020-08-02 00:00:00,Trim. 3,agosto,2,8,2020
2020-08-03 00:00:00,Trim. 3,agosto,3,8,2020
2020-08-04 00:00:00,Trim. 3,agosto,4,8,2020
2020-08-05 00:00:00,Trim. 3,agosto,5,8,2020
2020-08-06 00:00:00,Trim. 3,agosto,6,8,2020
2020-08-07 00:00:00,Trim. 3,agosto,7,8,2020
2020-08-08 00:00:00,Trim. 3,agosto,8,8,2020
2020-08-09 00:00:00,Trim. 3,agosto,9,8,2020
2020-08-10 00:00:00,Trim. 3,agosto,10,8,2020
2020-08-11 00:00:00,Trim. 3,agosto,11,8,2020
2020-08-12 00:00:00,Trim. 3,agosto,12,8,2020
2020-08-13 00:00:00,Trim. 3,agosto,13,8,2020
2020-08-14 00:00:00,Trim. 3,agosto,14,8,2020
2020-08-15 00:00:00,Trim. 3,agosto,15,8,2020
2020-08-16 00:00:00,Trim. 3,agosto,16,8,2020
2020-08-17 00:00:00,Trim. 3,agosto,17,8,2020
2020-08-18 00:00:00,Trim. 3,agosto,18,8,2020
2020-08-19 00:00:00,Trim. 3,agosto,19,8,2020
2020-08-20 00:00:00,Trim. 3,agosto,20,8,2020
2020-08-21 00:00:00,Trim. 3,agosto,21,8,2020
2020-08-22 00:00:00,Trim. 3,agosto,22,8,2020
2020-08-23 00:00:00,Trim. 3,agosto,23,8,2020
2020-08-24 00:00:00,Trim. 3,agosto,24,8,2020
2020-08-25 00:00:00,Trim. 3,agosto,25,8,2020
2020-08-26 00:00:00,Trim. 3,agosto,26,8,2020
2020-08-27 00:00:00,Trim. 3,agosto,27,8,2020
2020-08-28 00:00:00,Trim. 3,agosto,28,8,2020
2020-08-29 00:00:00,Trim. 3,agosto,29,8,2020
2020-08-30 00:00:00,Trim. 3,agosto,30,8,2020
2020-08-31 00:00:00,Trim. 3,agosto,31,8,2020
2021-08-01 00:00:00,Trim. 3,agosto,1,8,2021
2021-08-02 00:00:00,Trim. 3,agosto,2,8,2021
2021-08-03 00:00:00,Trim. 3,agosto,3,8,2021
2021-08-04 00:00:00,Trim. 3,agosto,4,8,2021
2021-08-05 00:00:00,Trim. 3,agosto,5,8,2021
2021-08-06 00:00:00,Trim. 3,agosto,6,8,2021
2021-08-07 00:00:00,Trim. 3,agosto,7,8,2021
2021-08-08 00:00:00,Trim. 3,agosto,8,8,2021
2021-08-09 00:00:00,Trim. 3,agosto,9,8,2021
2021-08-10 00:00:00,Trim. 3,agosto,10,8,2021
2021-08-11 00:00:00,Trim. 3,agosto,11,8,2021
2021-08-12 00:00:00,Trim. 3,agosto,12,8,2021
2021-08-13 00:00:00,Trim. 3,agosto,13,8,2021
2021-08-14 00:00:00,Trim. 3,agosto,14,8,2021
2021-08-15 00:00:00,Trim. 3,agosto,15,8,2021
2021-08-16 00:00:00,Trim. 3,agosto,16,8,2021
2021-08-17 00:00:00,Trim. 3,agosto,17,8,2021
2021-08-18 00:00:00,Trim. 3,agosto,18,8,2021
2021-08-19 00:00:00,Trim. 3,agosto,19,8,2021
2021-08-20 00:00:00,Trim. 3,agosto,20,8,2021
2021-08-21 00:00:00,Trim. 3,agosto,21,8,2021
2021-08-22 00:00:00,Trim. 3,agosto,22,8,2021
2021-08-23 00:00:00,Trim. 3,agosto,23,8,2021
2021-08-24 00:00:00,Trim. 3,agosto,24,8,2021
2021-08-25 00:00:00,Trim. 3,agosto,25,8,2021
2021-08-26 00:00:00,Trim. 3,agosto,26,8,2021
2021-08-27 00:00:00,Trim. 3,agosto,27,8,2021
2021-08-28 00:00:00,Trim. 3,agosto,28,8,2021
2021-08-29 00:00:00,Trim. 3,agosto,29,8,2021
2021-08-30 00:00:00,Trim. 3,agosto,30,8,2021
2021-08-31 00:00:00,Trim. 3,agosto,31,8,2021
2022-08-01 00:00:00,Trim. 3,agosto,1,8,2022
2022-08-02 00:00:00,Trim. 3,agosto,2,8,2022
2022-08-03 00:00:00,Trim. 3,agosto,3,8,2022
2022-08-04 00:00:00,Trim. 3,agosto,4,8,2022
2022-08-05 00:00:00,Trim. 3,agosto,5,8,2022
2022-08-06 00:00:00,Trim. 3,agosto,6,8,2022
2022-08-07 00:00:00,Trim. 3,agosto,7,8,2022
2022-08-08 00:00:00,Trim. 3,agosto,8,8,2022
2022-08-09 00:00:00,Trim. 3,agosto,9,8,2022
2022-08-10 00:00:00,Trim. 3,agosto,10,8,2022
2022-08-11 00:00:00,Trim. 3,agosto,11,8,2022
2022-08-12 00:00:00,Trim. 3,agosto,12,8,2022
2022-08-13 00:00:00,Trim. 3,agosto,13,8,2022
2022-08-14 00:00:00,Trim. 3,agosto,14,8,2022
2022-08-15 00:00:00,Trim. 3,agosto,15,8,2022
2022-08-16 00:00:00,Trim. 3,agosto,16,8,2022
2022-08-17 00:00:00,Trim. 3,agosto,17,8,2022
2022-08-18 00:00:00,Trim. 3,agosto,18,8,2022
2022-08-19 00:00:00,Trim. 3,agosto,19,8,2022
2022-08-20 00:00:00,Trim. 3,agosto,20,8,2022
2022-08-21 00:00:00,Trim. 3,agosto,21,8,2022
2022-08-22 00:00:00,Trim. 3,agosto,22,8,2022
2022-08-23 00:00:00,Trim. 3,agosto,23,8,2022
2022-08-24 00:00:00,Trim. 3,agosto,24,8,2022
2022-08-25 00:00:00,Trim. 3,agosto,25,8,2022
2022-08-26 00:00:00,Trim. 3,agosto,26,8,2022
2022-08-27 00:00:00,Trim. 3,agosto,27,8,2022
2022-08-28 00:00:00,Trim. 3,agosto,28,8,2022
2022-08-29 00:00:00,Trim. 3,agosto,29,8,2022
2022-08-30 00:00:00,Trim. 3,agosto,30,8,2022
2022-08-31 00:00:00,Trim. 3,agosto,31,8,2022
2023-08-01 00:00:00,Trim. 3,agosto,1,8,2023
2023-08-02 00:00:00,Trim. 3,agosto,2,8,2023
2023-08-03 00:00:00,Trim. 3,agosto,3,8,2023
2023-08-04 00:00:00,Trim. 3,agosto,4,8,2023
2023-08-05 00:00:00,Trim. 3,agosto,5,8,2023
2023-08-06 00:00:00,Trim. 3,agosto,6,8,2023
2023-08-07 00:00:00,Trim. 3,agosto,7,8,2023
2023-08-08 00:00:00,Trim. 3,agosto,8,8,2023
2023-08-09 00:00:00,Trim. 3,agosto,9,8,2023
2023-08-10 00:00:00,Trim. 3,agosto,10,8,2023
2023-08-11 00:00:00,Trim. 3,agosto,11,8,2023
2023-08-12 00:00:00,Trim. 3,agosto,12,8,2023
2023-08-13 00:00:00,Trim. 3,agosto,13,8,2023
2023-08-14 00:00:00,Trim. 3,agosto,14,8,2023
2023-08-15 00:00:00,Trim. 3,agosto,15,8,2023
2023-08-16 00:00:00,Trim. 3,agosto,16,8,2023
2023-08-17 00:00:00,Trim. 3,agosto,17,8,2023
2023-08-18 00:00:00,Trim. 3,agosto,18,8,2023
2023-08-19 00:00:00,Trim. 3,agosto,19,8,2023
2023-08-20 00:00:00,Trim. 3,agosto,20,8,2023
2023-08-21 00:00:00,Trim. 3,agosto,21,8,2023
2023-08-22 00:00:00,Trim. 3,agosto,22,8,2023
2023-08-23 00:00:00,Trim. 3,agosto,23,8,2023
2023-08-24 00:00:00,Trim. 3,agosto,24,8,2023
2023-08-25 00:00:00,Trim. 3,agosto,25,8,2023
2023-08-26 00:00:00,Trim. 3,agosto,26,8,2023
2023-08-27 00:00:00,Trim. 3,agosto,27,8,2023
2023-08-28 00:00:00,Trim. 3,agosto,28,8,2023
2023-08-29 00:00:00,Trim. 3,agosto,29,8,2023
2023-08-30 00:00:00,Trim. 3,agosto,30,8,2023
2023-08-31 00:00:00,Trim. 3,agosto,31,8,2023
2024-08-01 00:00:00,Trim. 3,agosto,1,8,2024
2024-08-02 00:00:00,Trim. 3,agosto,2,8,2024
2024-08-03 00:00:00,Trim. 3,agosto,3,8,2024
2024-08-04 00:00:00,Trim. 3,agosto,4,8,2024
2024-08-05 00:00:00,Trim. 3,agosto,5,8,2024
2024-08-06 00:00:00,Trim. 3,agosto,6,8,2024
2024-08-07 00:00:00,Trim. 3,agosto,7,8,2024
2024-08-08 00:00:00,Trim. 3,agosto,8,8,2024
2024-08-09 00:00:00,Trim. 3,agosto,9,8,2024
2024-08-10 00:00:00,Trim. 3,agosto,10,8,2024
2024-08-11 00:00:00,Trim. 3,agosto,11,8,2024
2024-08-12 00:00:00,Trim. 3,agosto,12,8,2024
2024-08-13 00:00:00,Trim. 3,agosto,13,8,2024
2024-08-14 00:00:00,Trim. 3,agosto,14,8,2024
2024-08-15 00:00:00,Trim. 3,agosto,15,8,2024
2024-08-16 00:00:00,Trim. 3,agosto,16,8,2024
2024-08-17 00:00:00,Trim. 3,agosto,17,8,2024
2024-08-18 00:00:00,Trim. 3,agosto,18,8,2024
2024-08-19 00:00:00,Trim. 3,agosto,19,8,2024
2024-08-20 00:00:00,Trim. 3,agosto,20,8,2024
2024-08-21 00:00:00,Trim. 3,agosto,21,8,2024
2024-08-22 00:00:00,Trim. 3,agosto,22,8,2024
2024-08-23 00:00:00,Trim. 3,agosto,23,8,2024
2024-08-24 00:00:00,Trim. 3,agosto,24,8,2024
2024-08-25 00:00:00,Trim. 3,agosto,25,8,2024
2024-08-26 00:00:00,Trim. 3,agosto,26,8,2024
2024-08-27 00:00:00,Trim. 3,agosto,27,8,2024
2024-08-28 00:00:00,Trim. 3,agosto,28,8,2024
2024-08-29 00:00:00,Trim. 3,agosto,29,8,2024
2024-08-30 00:00:00,Trim. 3,agosto,30,8,2024
2024-08-31 00:00:00,Trim. 3,agosto,31,8,2024
2020-09-01 00:00:00,Trim. 3,septiembre,1,9,2020
2020-09-02 00:00:00,Trim. 3,septiembre,2,9,2020
2020-09-03 00:00:00,Trim. 3,septiembre,3,9,2020
2020-09-04 00:00:00,Trim. 3,septiembre,4,9,2020
2020-09-05 00:00:00,Trim. 3,septiembre,5,9,2020
2020-09-06 00:00:00,Trim. 3,septiembre,6,9,2020
2020-09-07 00:00:00,Trim. 3,septiembre,7,9,2020
2020-09-08 00:00:00,Trim. 3,septiembre,8,9,2020
2020-09-09 00:00:00,Trim. 3,septiembre,9,9,2020
2020-09-10 00:00:00,Trim. 3,septiembre,10,9,2020
2020-09-11 00:00:00,Trim. 3,septiembre,11,9,2020
2020-09-12 00:00:00,Trim. 3,septiembre,12,9,2020
2020-09-13 00:00:00,Trim. 3,septiembre,13,9,2020
2020-09-14 00:00:00,Trim. 3,septiembre,14,9,2020
2020-09-15 00:00:00,Trim. 3,septiembre,15,9,2020
2020-09-16 00:00:00,Trim. 3,septiembre,16,9,2020
2020-09-17 00:00:00,Trim. 3,septiembre,17,9,2020
2020-09-18 00:00:00,Trim. 3,septiembre,18,9,2020
2020-09-19 00:00:00,Trim. 3,septiembre,19,9,2020
2020-09-20 00:00:00,Trim. 3,septiembre,20,9,2020
2020-09-21 00:00:00,Trim. 3,septiembre,21,9,2020
2020-09-22 00:00:00,Trim. 3,septiembre,22,9,2020
2020-09-23 00:00:00,Trim. 3,septiembre,23,9,2020
2020-09-24 00:00:00,Trim. 3,septiembre,24,9,2020
2020-09-25 00:00:00,Trim. 3,septiembre,25,9,2020
2020-09-26 00:00:00,Trim. 3,septiembre,26,9,2020
2020-09-27 00:00:00,Trim. 3,septiembre,27,9,2020
2020-09-28 00:00:00,Trim. 3,septiembre,28,9,2020
2020-09-29 00:00:00,Trim. 3,septiembre,29,9,2020
2020-09-30 00:00:00,Trim. 3,septiembre,30,9,2020
2021-09-01 00:00:00,Trim. 3,septiembre,1,9,2021
2021-09-02 00:00:00,Trim. 3,septiembre,2,9,2021
2021-09-03 00:00:00,Trim. 3,septiembre,3,9,2021
2021-09-04 00:00:00,Trim. 3,septiembre,4,9,2021
2021-09-05 00:00:00,Trim. 3,septiembre,5,9,2021
2021-09-06 00:00:00,Trim. 3,septiembre,6,9,2021
2021-09-07 00:00:00,Trim. 3,septiembre,7,9,2021
2021-09-08 00:00:00,Trim. 3,septiembre,8,9,2021
2021-09-09 00:00:00,Trim. 3,septiembre,9,9,2021
2021-09-10 00:00:00,Trim. 3,septiembre,10,9,2021
2021-09-11 00:00:00,Trim. 3,septiembre,11,9,2021
2021-09-12 00:00:00,Trim. 3,septiembre,12,9,2021
2021-09-13 00:00:00,Trim. 3,septiembre,13,9,2021
2021-09-14 00:00:00,Trim. 3,septiembre,14,9,2021
2021-09-15 00:00:00,Trim. 3,septiembre,15,9,2021
2021-09-16 00:00:00,Trim. 3,septiembre,16,9,2021
2021-09-17 00:00:00,Trim. 3,septiembre,17,9,2021
2021-09-18 00:00:00,Trim. 3,septiembre,18,9,2021
2021-09-19 00:00:00,Trim. 3,septiembre,19,9,2021
2021-09-20 00:00:00,Trim. 3,septiembre,20,9,2021
2021-09-21 00:00:00,Trim. 3,septiembre,21,9,2021
2021-09-22 00:00:00,Trim. 3,septiembre,22,9,2021
2021-09-23 00:00:00,Trim. 3,septiembre,23,9,2021
2021-09-24 00:00:00,Trim. 3,septiembre,24,9,2021
2021-09-25 00:00:00,Trim. 3,septiembre,25,9,2021
2021-09-26 00:00:00,Trim. 3,septiembre,26,9,2021
2021-09-27 00:00:00,Trim. 3,septiembre,27,9,2021
2021-09-28 00:00:00,Trim. 3,septiembre,28,9,2021
2021-09-29 00:00:00,Trim. 3,septiembre,29,9,2021
2021-09-30 00:00:00,Trim. 3,septiembre,30,9,2021
2022-09-01 00:00:00,Trim. 3,septiembre,1,9,2022
2022-09-02 00:00:00,Trim. 3,septiembre,2,9,2022
2022-09-03 00:00:00,Trim. 3,septiembre,3,9,2022
2022-09-04 00:00:00,Trim. 3,septiembre,4,9,2022
2022-09-05 00:00:00,Trim. 3,septiembre,5,9,2022
2022-09-06 00:00:00,Trim. 3,septiembre,6,9,2022
2022-09-07 00:00:00,Trim. 3,septiembre,7,9,2022
2022-09-08 00:00:00,Trim. 3,septiembre,8,9,2022
2022-09-09 00:00:00,Trim. 3,septiembre,9,9,2022
2022-09-10 00:00:00,Trim. 3,septiembre,10,9,2022
2022-09-11 00:00:00,Trim. 3,septiembre,11,9,2022
2022-09-12 00:00:00,Trim. 3,septiembre,12,9,2022
2022-09-13 00:00:00,Trim. 3,septiembre,13,9,2022
2022-09-14 00:00:00,Trim. 3,septiembre,14,9,2022
2022-09-15 00:00:00,Trim. 3,septiembre,15,9,2022
2022-09-16 00:00:00,Trim. 3,septiembre,16,9,2022
2022-09-17 00:00:00,Trim. 3,septiembre,17,9,2022
2022-09-18 00:00:00,Trim. 3,septiembre,18,9,2022
2022-09-19 00:00:00,Trim. 3,septiembre,19,9,2022
2022-09-20 00:00:00,Trim. 3,septiembre,20,9,2022
2022-09-21 00:00:00,Trim. 3,septiembre,21,9,2022
2022-09-22 00:00:00,Trim. 3,septiembre,22,9,2022
2022-09-23 00:00:00,Trim. 3,septiembre,23,9,2022
2022-09-24 00:00:00,Trim. 3,septiembre,24,9,2022
2022-09-25 00:00:00,Trim. 3,septiembre,25,9,2022
2022-09-26 00:00:00,Trim. 3,septiembre,26,9,2022
2022-09-27 00:00:00,Trim. 3,septiembre,27,9,2022
2022-09-28 00:00:00,Trim. 3,septiembre,28,9,2022
2022-09-29 00:00:00,Trim. 3,septiembre,29,9,2022
2022-09-30 00:00:00,Trim. 3,septiembre,30,9,2022
2023-09-01 00:00:00,Trim. 3,septiembre,1,9,2023
2023-09-02 00:00:00,Trim. 3,septiembre,2,9,2023
2023-09-03 00:00:00,Trim. 3,septiembre,3,9,2023
2023-09-04 00:00:00,Trim. 3,septiembre,4,9,2023
2023-09-05 00:00:00,Trim. 3,septiembre,5,9,2023
2023-09-06 00:00:00,Trim. 3,septiembre,6,9,2023
2023-09-07 00:00:00,Trim. 3,septiembre,7,9,2023
2023-09-08 00:00:00,Trim. 3,septiembre,8,9,2023
2023-09-09 00:00:00,Trim. 3,septiembre,9,9,2023
2023-09-10 00:00:00,Trim. 3,septiembre,10,9,2023
2023-09-11 00:00:00,Trim. 3,septiembre,11,9,2023
2023-09-12 00:00:00,Trim. 3,septiembre,12,9,2023
2023-09-13 00:00:00,Trim. 3,septiembre,13,9,2023
2023-09-14 00:00:00,Trim. 3,septiembre,14,9,2023
2023-09-15 00:00:00,Trim. 3,septiembre,15,9,2023
2023-09-16 00:00:00,Trim. 3,septiembre,16,9,2023
2023-09-17 00:00:00,Trim. 3,septiembre,17,9,2023
2023-09-18 00:00:00,Trim. 3,septiembre,18,9,2023
2023-09-19 00:00:00,Trim. 3,septiembre,19,9,2023
2023-09-20 00:00:00,Trim. 3,septiembre,20,9,2023
2023-09-21 00:00:00,Trim. 3,septiembre,21,9,2023
2023-09-22 00:00:00,Trim. 3,septiembre,22,9,2023
2023-09-23 00:00:00,Trim. 3,septiembre,23,9,2023
2023-09-24 00:00:00,Trim. 3,septiembre,24,9,2023
2023-09-25 00:00:00,Trim. 3,septiembre,25,9,2023
2023-09-26 00:00:00,Trim. 3,septiembre,26,9,2023
2023-09-27 00:00:00,Trim. 3,septiembre,27,9,2023
2023-09-28 00:00:00,Trim. 3,septiembre,28,9,2023
2023-09-29 00:00:00,Trim. 3,septiembre,29,9,2023
2023-09-30 00:00:00,Trim. 3,septiembre,30,9,2023
2024-09-01 00:00:00,Trim. 3,septiembre,1,9,2024
2024-09-02 00:00:00,Trim. 3,septiembre,2,9,2024
2024-09-03 00:00:00,Trim. 3,septiembre,3,9,2024
2024-09-04 00:00:00,Trim. 3,septiembre,4,9,2024
2024-09-05 00:00:00,Trim. 3,septiembre,5,9,2024
2024-09-06 00:00:00,Trim. 3,septiembre,6,9,2024
2024-09-07 00:00:00,Trim. 3,septiembre,7,9,2024
2024-09-08 00:00:00,Trim. 3,septiembre,8,9,2024
2024-09-09 00:00:00,Trim. 3,septiembre,9,9,2024
2024-09-10 00:00:00,Trim. 3,septiembre,10,9,2024
2024-09-11 00:00:00,Trim. 3,septiembre,11,9,2024
2024-09-12 00:00:00,Trim. 3,septiembre,12,9,2024
2024-09-13 00:00:00,Trim. 3,septiembre,13,9,2024
2024-09-14 00:00:00,Trim. 3,septiembre,14,9,2024
2024-09-15 00:00:00,Trim. 3,septiembre,15,9,2024
2024-09-16 00:00:00,Trim. 3,septiembre,16,9,2024
2024-09-17 00:00:00,Trim. 3,septiembre,17,9,2024
2024-09-18 00:00:00,Trim. 3,septiembre,18,9,2024
2024-09-19 00:00:00,Trim. 3,septiembre,19,9,2024
2024-09-20 00:00:00,Trim. 3,septiembre,20,9,2024
2024-09-21 00:00:00,Trim. 3,septiembre,21,9,2024
2024-09-22 00:00:00,Trim. 3,septiembre,22,9,2024
2024-09-23 00:00:00,Trim. 3,septiembre,23,9,2024
2024-09-24 00:00:00,Trim. 3,septiembre,24,9,2024
2024-09-25 00:00:00,Trim. 3,septiembre,25,9,2024
2024-09-26 00:00:00,Trim. 3,septiembre,26,9,2024
2024-09-27 00:00:00,Trim. 3,septiembre,27,9,2024
2024-09-28 00:00:00,Trim. 3,septiembre,28,9,2024
2024-09-29 00:00:00,Trim. 3,septiembre,29,9,2024
2024-09-30 00:00:00,Trim. 3,septiembre,30,9,2024
2020-10-01 00:00:00,Trim. 4,octubre,1,10,2020
2020-10-02 00:00:00,Trim. 4,octubre,2,10,2020
2020-10-03 00:00:00,Trim. 4,octubre,3,10,2020
2020-10-04 00:00:00,Trim. 4,octubre,4,10,2020
2020-10-05 00:00:00,Trim. 4,octubre,5,10,2020
2020-10-06 00:00:00,Trim. 4,octubre,6,10,2020
2020-10-07 00:00:00,Trim. 4,octubre,7,10,2020
2020-10-08 00:00:00,Trim. 4,octubre,8,10,2020
2020-10-09 00:00:00,Trim. 4,octubre,9,10,2020
2020-10-10 00:00:00,Trim. 4,octubre,10,10,2020
2020-10-11 00:00:00,Trim. 4,octubre,11,10,2020
2020-10-12 00:00:00,Trim. 4,octubre,12,10,2020
2020-10-13 00:00:00,Trim. 4,octubre,13,10,2020
2020-10-14 00:00:00,Trim. 4,octubre,14,10,2020
2020-10-15 00:00:00,Trim. 4,octubre,15,10,2020
2020-10-16 00:00:00,Trim. 4,octubre,16,10,2020
2020-10-17 00:00:00,Trim. 4,octubre,17,10,2020
2020-10-18 00:00:00,Trim. 4,octubre,18,10,2020
2020-10-19 00:00:00,Trim. 4,octubre,19,10,2020
2020-10-20 00:00:00,Trim. 4,octubre,20,10,2020
2020-10-21 00:00:00,Trim. 4,octubre,21,10,2020
2020-10-22 00:00:00,Trim. 4,octubre,22,10,2020
2020-10-23 00:00:00,Trim. 4,octubre,23,10,2020
2020-10-24 00:00:00,Trim. 4,octubre,24,10,2020
2020-10-25 00:00:00,Trim. 4,octubre,25,10,2020
2020-10-26 00:00:00,Trim. 4,octubre,26,10,2020
2020-10-27 00:00:00,Trim. 4,octubre,27,10,2020
2020-10-28 00:00:00,Trim. 4,octubre,28,10,2020
2020-10-29 00:00:00,Trim. 4,octubre,29,10,2020
2020-10-30 00:00:00,Trim. 4,octubre,30,10,2020
2020-10-31 00:00:00,Trim. 4,octubre,31,10,2020
2021-10-01 00:00:00,Trim. 4,octubre,1,10,2021
2021-10-02 00:00:00,Trim. 4,octubre,2,10,2021
2021-10-03 00:00:00,Trim. 4,octubre,3,10,2021
2021-10-04 00:00:00,Trim. 4,octubre,4,10,2021
2021-10-05 00:00:00,Trim. 4,octubre,5,10,2021
2021-10-06 00:00:00,Trim. 4,octubre,6,10,2021
2021-10-07 00:00:00,Trim. 4,octubre,7,10,2021
2021-10-08 00:00:00,Trim. 4,octubre,8,10,2021
2021-10-09 00:00:00,Trim. 4,octubre,9,10,2021
2021-10-10 00:00:00,Trim. 4,octubre,10,10,2021
2021-10-11 00:00:00,Trim. 4,octubre,11,10,2021
2021-10-12 00:00:00,Trim. 4,octubre,12,10,2021
2021-10-13 00:00:00,Trim. 4,octubre,13,10,2021
2021-10-14 00:00:00,Trim. 4,octubre,14,10,2021
2021-10-15 00:00:00,Trim. 4,octubre,15,10,2021
2021-10-16 00:00:00,Trim. 4,octubre,16,10,2021
2021-10-17 00:00:00,Trim. 4,octubre,17,10,2021
2021-10-18 00:00:00,Trim. 4,octubre,18,10,2021
2021-10-19 00:00:00,Trim. 4,octubre,19,10,2021
2021-10-20 00:00:00,Trim. 4,octubre,20,10,2021
2021-10-21 00:00:00,Trim. 4,octubre,21,10,2021
2021-10-22 00:00:00,Trim. 4,octubre,22,10,2021
2021-10-23 00:00:00,Trim. 4,octubre,23,10,2021
2021-10-24 00:00:00,Trim. 4,octubre,24,10,2021
2021-10-25 00:00:00,Trim. 4,octubre,25,10,2021
2021-10-26 00:00:00,Trim. 4,octubre,26,10,2021
2021-10-27 00:00:00,Trim. 4,octubre,27,10,2021
2021-10-28 00:00:00,Trim. 4,octubre,28,10,2021
2021-10-29 00:00:00,Trim. 4,octubre,29,10,2021
2021-10-30 00:00:00,Trim. 4,octubre,30,10,2021
2021-10-31 00:00:00,Trim. 4,octubre,31,10,2021
2022-10-01 00:00:00,Trim. 4,octubre,1,10,2022
2022-10-02 00:00:00,Trim. 4,octubre,2,10,2022
2022-10-03 00:00:00,Trim. 4,octubre,3,10,2022
2022-10-04 00:00:00,Trim. 4,octubre,4,10,2022
2022-10-05 00:00:00,Trim. 4,octubre,5,10,2022
2022-10-06 00:00:00,Trim. 4,octubre,6,10,2022
2022-10-07 00:00:00,Trim. 4,octubre,7,10,2022
2022-10-08 00:00:00,Trim. 4,octubre,8,10,2022
2022-10-09 00:00:00,Trim. 4,octubre,9,10,2022
2022-10-10 00:00:00,Trim. 4,octubre,10,10,2022
2022-10-11 00:00:00,Trim. 4,octubre,11,10,2022
2022-10-12 00:00:00,Trim. 4,octubre,12,10,2022
2022-10-13 00:00:00,Trim. 4,octubre,13,10,2022
2022-10-14 00:00:00,Trim. 4,octubre,14,10,2022
2022-10-15 00:00:00,Trim. 4,octubre,15,10,2022
2022-10-16 00:00:00,Trim. 4,octubre,16,10,2022
2022-10-17 00:00:00,Trim. 4,octubre,17,10,2022
2022-10-18 00:00:00,Trim. 4,octubre,18,10,2022
2022-10-19 00:00:00,Trim. 4,octubre,19,10,2022
2022-10-20 00:00:00,Trim. 4,octubre,20,10,2022
2022-10-21 00:00:00,Trim. 4,octubre,21,10,2022
2022-10-22 00:00:00,Trim. 4,octubre,22,10,2022
2022-10-23 00:00:00,Trim. 4,octubre,23,10,2022
2022-10-24 00:00:00,Trim. 4,octubre,24,10,2022
2022-10-25 00:00:00,Trim. 4,octubre,25,10,2022
2022-10-26 00:00:00,Trim. 4,octubre,26,10,2022
2022-10-27 00:00:00,Trim. 4,octubre,27,10,2022
2022-10-28 00:00:00,Trim. 4,octubre,28,10,2022
2022-10-29 00:00:00,Trim. 4,octubre,29,10,2022
2022-10-30 00:00:00,Trim. 4,octubre,30,10,2022
2022-10-31 00:00:00,Trim. 4,octubre,31,10,2022
2023-10-01 00:00:00,Trim. 4,octubre,1,10,2023
2023-10-02 00:00:00,Trim. 4,octubre,2,10,2023
2023-10-03 00:00:00,Trim. 4,octubre,3,10,2023
2023-10-04 00:00:00,Trim. 4,octubre,4,10,2023
2023-10-05 00:00:00,Trim. 4,octubre,5,10,2023
2023-10-06 00:00:00,Trim. 4,octubre,6,10,2023
2023-10-07 00:00:00,Trim. 4,octubre,7,10,2023
2023-10-08 00:00:00,Trim. 4,octubre,8,10,2023
2023-10-09 00:00:00,Trim. 4,octubre,9,10,2023
2023-10-10 00:00:00,Trim. 4,octubre,10,10,2023
2023-10-11 00:00:00,Trim. 4,octubre,11,10,2023
2023-10-12 00:00:00,Trim. 4,octubre,12,10,2023
2023-10-13 00:00:00,Trim. 4,octubre,13,10,2023
2023-10-14 00:00:00,Trim. 4,octubre,14,10,2023
2023-10-15 00:00:00,Trim. 4,octubre,15,10,2023
2023-10-16 00:00:00,Trim. 4,octubre,16,10,2023
2023-10-17 00:00:00,Trim. 4,octubre,17,10,2023
2023-10-18 00:00:00,Trim. 4,octubre,18,10,2023
2023-10-19 00:00:00,Trim. 4,octubre,19,10,2023
2023-10-20 00:00:00,Trim. 4,octubre,20,10,2023
2023-10-21 00:00:00,Trim. 4,octubre,21,10,2023
2023-10-22 00:00:00,Trim. 4,octubre,22,10,2023
2023-10-23 00:00:00,Trim. 4,octubre,23,10,2023
2023-10-24 00:00:00,Trim. 4,octubre,24,10,2023
2023-10-25 00:00:00,Trim. 4,octubre,25,10,2023
2023-10-26 00:00:00,Trim. 4,octubre,26,10,2023
2023-10-27 00:00:00,Trim. 4,octubre,27,10,2023
2023-10-28 00:00:00,Trim. 4,octubre,28,10,2023
2023-10-29 00:00:00,Trim. 4,octubre,29,10,2023
2023-10-30 00:00:00,Trim. 4,octubre,30,10,2023
2023-10-31 00:00:00,Trim. 4,octubre,31,10,2023
2024-10-01 00:00:00,Trim. 4,octubre,1,10,2024
2024-10-02 00:00:00,Trim. 4,octubre,2,10,2024
2024-10-03 00:00:00,Trim. 4,octubre,3,10,2024
2024-10-04 00:00:00,Trim. 4,octubre,4,10,2024
2024-10-05 00:00:00,Trim. 4,octubre,5,10,2024
2024-10-06 00:00:00,Trim. 4,octubre,6,10,2024
2024-10-07 00:00:00,Trim. 4,octubre,7,10,2024
2024-10-08 00:00:00,Trim. 4,octubre,8,10,2024
2024-10-09 00:00:00,Trim. 4,octubre,9,10,2024
2024-10-10 00:00:00,Trim. 4,octubre,10,10,2024
2024-10-11 00:00:00,Trim. 4,octubre,11,10,2024
2024-10-12 00:00:00,Trim. 4,octubre,12,10,2024
2024-10-13 00:00:00,Trim. 4,octubre,13,10,2024
2024-10-14 00:00:00,Trim. 4,octubre,14,10,2024
2024-10-15 00:00:00,Trim. 4,octubre,15,10,2024
2024-10-16 00:00:00,Trim. 4,octubre,16,10,2024
2024-10-17 00:00:00,Trim. 4,octubre,17,10,2024
2024-10-18 00:00:00,Trim. 4,octubre,18,10,2024
2024-10-19 00:00:00,Trim. 4,octubre,19,10,2024
2024-10-20 00:00:00,Trim. 4,octubre,20,10,2024
2024-10-21 00:00:00,Trim. 4,octubre,21,10,2024
2024-10-22 00:00:00,Trim. 4,octubre,22,10,2024
2024-10-23 00:00:00,Trim. 4,octubre,23,10,2024
2024-10-24 00:00:00,Trim. 4,octubre,24,10,2024
2024-10-25 00:00:00,Trim. 4,octubre,25,10,2024
2024-10-26 00:00:00,Trim. 4,octubre,26,10,2024
2024-10-27 00:00:00,Trim. 4,octubre,27,10,2024
2024-10-28 00:00:00,Trim. 4,octubre,28,10,2024
2024-10-29 00:00:00,Trim. 4,octubre,29,10,2024
2024-10-30 00:00:00,Trim. 4,octubre,30,10,2024
2024-10-31 00:00:00,Trim. 4,octubre,31,10,2024
2020-11-01 00:00:00,Trim. 4,noviembre,1,11,2020
2020-11-02 00:00:00,Trim. 4,noviembre,2,11,2020
2020-11-03 00:00:00,Trim. 4,noviembre,3,11,2020
2020-11-04 00:00:00,Trim. 4,noviembre,4,11,2020
2020-11-05 00:00:00,Trim. 4,noviembre,5,11,2020
2020-11-06 00:00:00,Trim. 4,noviembre,6,11,2020
2020-11-07 00:00:00,Trim. 4,noviembre,7,11,2020
2020-11-08 00:00:00,Trim. 4,noviembre,8,11,2020
2020-11-09 00:00:00,Trim. 4,noviembre,9,11,2020
2020-11-10 00:00:00,Trim. 4,noviembre,10,11,2020
2020-11-11 00:00:00,Trim. 4,noviembre,11,11,2020
2020-11-12 00:00:00,Trim. 4,noviembre,12,11,2020
2020-11-13 00:00:00,Trim. 4,noviembre,13,11,2020
2020-11-14 00:00:00,Trim. 4,noviembre,14,11,2020
2020-11-15 00:00:00,Trim. 4,noviembre,15,11,2020
2020-11-16 00:00:00,Trim. 4,noviembre,16,11,2020
2020-11-17 00:00:00,Trim. 4,noviembre,17,11,2020
2020-11-18 00:00:00,Trim. 4,noviembre,18,11,2020
2020-11-19 00:00:00,Trim. 4,noviembre,19,11,2020
2020-11-20 00:00:00,Trim. 4,noviembre,20,11,2020
2020-11-21 00:00:00,Trim. 4,noviembre,21,11,2020
2020-11-22 00:00:00,Trim. 4,noviembre,22,11,2020
2020-11-23 00:00:00,Trim. 4,noviembre,23,11,2020
2020-11-24 00:00:00,Trim. 4,noviembre,24,11,2020
2020-11-25 00:00:00,Trim. 4,noviembre,25,11,2020
2020-11-26 00:00:00,Trim. 4,noviembre,26,11,2020
2020-11-27 00:00:00,Trim. 4,noviembre,27,11,2020
2020-11-28 00:00:00,Trim. 4,noviembre,28,11,2020
2020-11-29 00:00:00,Trim. 4,noviembre,29,11,2020
2020-11-30 00:00:00,Trim. 4,noviembre,30,11,2020
2021-11-01 00:00:00,Trim. 4,noviembre,1,11,2021
2021-11-02 00:00:00,Trim. 4,noviembre,2,11,2021
2021-11-03 00:00:00,Trim. 4,noviembre,3,11,2021
2021-11-04 00:00:00,Trim. 4,noviembre,4,11,2021
2021-11-05 00:00:00,Trim. 4,noviembre,5,11,2021
2021-11-06 00:00:00,Trim. 4,noviembre,6,11,2021
2021-11-07 00:00:00,Trim. 4,noviembre,7,11,2021
2021-11-08 00:00:00,Trim. 4,noviembre,8,11,2021
2021-11-09 00:00:00,Trim. 4,noviembre,9,11,2021
2021-11-10 00:00:00,Trim. 4,noviembre,10,11,2021
2021-11-11 00:00:00,Trim. 4,noviembre,11,11,2021
2021-11-12 00:00:00,Trim. 4,noviembre,12,11,2021
2021-11-13 00:00:00,Trim. 4,noviembre,13,11,2021
2021-11-14 00:00:00,Trim. 4,noviembre,14,11,2021
2021-11-15 00:00:00,Trim. 4,noviembre,15,11,2021
2021-11-16 00:00:00,Trim. 4,noviembre,16,11,2021
2021-11-17 00:00:00,Trim. 4,noviembre,17,11,2021
2021-11-18 00:00:00,Trim. 4,noviembre,18,11,2021
2021-11-19 00:00:00,Trim. 4,noviembre,19,11,2021
2021-11-20 00:00:00,Trim. 4,noviembre,20,11,2021
2021-11-21 00:00:00,Trim. 4,noviembre,21,11,2021
2021-11-22 00:00:00,Trim. 4,noviembre,22,11,2021
2021-11-23 00:00:00,Trim. 4,noviembre,23,11,2021
2021-11-24 00:00:00,Trim. 4,noviembre,24,11,2021
2021-11-25 00:00:00,Trim. 4,noviembre,25,11,2021
2021-11-26 00:00:00,Trim. 4,noviembre,26,11,2021
2021-11-27 00:00:00,Trim. 4,noviembre,27,11,2021
2021-11-28 00:00:00,Trim. 4,noviembre,28,11,2021
2021-11-29 00:00:00,Trim. 4,noviembre,29,11,2021
2021-11-30 00:00:00,Trim. 4,noviembre,30,11,2021
2022-11-01 00:00:00,Trim. 4,noviembre,1,11,2022
2022-11-02 00:00:00,Trim. 4,noviembre,2,11,2022
2022-11-03 00:00:00,Trim. 4,noviembre,3,11,2022
2022-11-04 00:00:00,Trim. 4,noviembre,4,11,2022
2022-11-05 00:00:00,Trim. 4,noviembre,5,11,2022
2022-11-06 00:00:00,Trim. 4,noviembre,6,11,2022
2022-11-07 00:00:00,Trim. 4,noviembre,7,11,2022
2022-11-08 00:00:00,Trim. 4,noviembre,8,11,2022
2022-11-09 00:00:00,Trim. 4,noviembre,9,11,2022
2022-11-10 00:00:00,Trim. 4,noviembre,10,11,2022
2022-11-11 00:00:00,Trim. 4,noviembre,11,11,2022
2022-11-12 00:00:00,Trim. 4,noviembre,12,11,2022
2022-11-13 00:00:00,Trim. 4,noviembre,13,11,2022
2022-11-14 00:00:00,Trim. 4,noviembre,14,11,2022
2022-11-15 00:00:00,Trim. 4,noviembre,15,11,2022
2022-11-16 00:00:00,Trim. 4,noviembre,16,11,2022
2022-11-17 00:00:00,Trim. 4,noviembre,17,11,2022
2022-11-18 00:00:00,Trim. 4,noviembre,18,11,2022
2022-11-19 00:00:00,Trim. 4,noviembre,19,11,2022
2022-11-20 00:00:00,Trim. 4,noviembre,20,11,2022
2022-11-21 00:00:00,Trim. 4,noviembre,21,11,2022
2022-11-22 00:00:00,Trim. 4,noviembre,22,11,2022
2022-11-23 00:00:00,Trim. 4,noviembre,23,11,2022
2022-11-24 00:00:00,Trim. 4,noviembre,24,11,2022
2022-11-25 00:00:00,Trim. 4,noviembre,25,11,2022
2022-11-26 00:00:00,Trim. 4,noviembre,26,11,2022
2022-11-27 00:00:00,Trim. 4,noviembre,27,11,2022
2022-11-28 00:00:00,Trim. 4,noviembre,28,11,2022
2022-11-29 00:00:00,Trim. 4,noviembre,29,11,2022
2022-11-30 00:00:00,Trim. 4,noviembre,30,11,2022
2023-11-01 00:00:00,Trim. 4,noviembre,1,11,2023
2023-11-02 00:00:00,Trim. 4,noviembre,2,11,2023
2023-11-03 00:00:00,Trim. 4,noviembre,3,11,2023
2023-11-04 00:00:00,Trim. 4,noviembre,4,11,2023
2023-11-05 00:00:00,Trim. 4,noviembre,5,11,2023
2023-11-06 00:00:00,Trim. 4,noviembre,6,11,2023
2023-11-07 00:00:00,Trim. 4,noviembre,7,11,2023
2023-11-08 00:00:00,Trim. 4,noviembre,8,11,2023
2023-11-09 00:00:00,Trim. 4,noviembre,9,11,2023
2023-11-10 00:00:00,Trim. 4,noviembre,10,11,2023
2023-11-11 00:00:00,Trim. 4,noviembre,11,11,2023
2023-11-12 00:00:00,Trim. 4,noviembre,12,11,2023
2023-11-13 00:00:00,Trim. 4,noviembre,13,11,2023
2023-11-14 00:00:00,Trim. 4,noviembre,14,11,2023
2023-11-15 00:00:00,Trim. 4,noviembre,15,11,2023
2023-11-16 00:00:00,Trim. 4,noviembre,16,11,2023
2023-11-17 00:00:00,Trim. 4,noviembre,17,11,2023
2023-11-18 00:00:00,Trim. 4,noviembre,18,11,2023
2023-11-19 00:00:00,Trim. 4,noviembre,19,11,2023
2023-11-20 00:00:00,Trim. 4,noviembre,20,11,2023
2023-11-21 00:00:00,Trim. 4,noviembre,21,11,2023
2023-11-22 00:00:00,Trim. 4,noviembre,22,11,2023
2023-11-23 00:00:00,Trim. 4,noviembre,23,11,2023
2023-11-24 00:00:00,Trim. 4,noviembre,24,11,2023
2023-11-25 00:00:00,Trim. 4,noviembre,25,11,2023
2023-11-26 00:00:00,Trim. 4,noviembre,26,11,2023
2023-11-27 00:00:00,Trim. 4,noviembre,27,11,2023
2023-11-28 00:00:00,Trim. 4,noviembre,28,11,2023
2023-11-29 00:00:00,Trim. 4,noviembre,29,11,2023
2023-11-30 00:00:00,Trim. 4,noviembre,30,11,2023
2024-11-01 00:00:00,Trim. 4,noviembre,1,11,2024
2024-11-02 00:00:00,Trim. 4,noviembre,2,11,2024
2024-11-03 00:00:00,Trim. 4,noviembre,3,11,2024
2024-11-04 00:00:00,Trim. 4,noviembre,4,11,2024
2024-11-05 00:00:00,Trim. 4,noviembre,5,11,2024
2024-11-06 00:00:00,Trim. 4,noviembre,6,11,2024
2024-11-07 00:00:00,Trim. 4,noviembre,7,11,2024
2024-11-08 00:00:00,Trim. 4,noviembre,8,11,2024
2024-11-09 00:00:00,Trim. 4,noviembre,9,11,2024
2024-11-10 00:00:00,Trim. 4,noviembre,10,11,2024
2024-11-11 00:00:00,Trim. 4,noviembre,11,11,2024
2024-11-12 00:00:00,Trim. 4,noviembre,12,11,2024
2024-11-13 00:00:00,Trim. 4,noviembre,13,11,2024
2024-11-14 00:00:00,Trim. 4,noviembre,14,11,2024
2024-11-15 00:00:00,Trim. 4,noviembre,15,11,2024
2024-11-16 00:00:00,Trim. 4,noviembre,16,11,2024
2024-11-17 00:00:00,Trim. 4,noviembre,17,11,2024
2024-11-18 00:00:00,Trim. 4,noviembre,18,11,2024
2024-11-19 00:00:00,Trim. 4,noviembre,19,11,2024
2024-11-20 00:00:00,Trim. 4,noviembre,20,11,2024
2024-11-21 00:00:00,Trim. 4,noviembre,21,11,2024
2024-11-22 00:00:00,Trim. 4,noviembre,22,11,2024
2024-11-23 00:00:00,Trim. 4,noviembre,23,11,2024
2024-11-24 00:00:00,Trim. 4,noviembre,24,11,2024
2024-11-25 00:00:00,Trim. 4,noviembre,25,11,2024
2024-11-26 00:00:00,Trim. 4,noviembre,26,11,2024
2024-11-27 00:00:00,Trim. 4,noviembre,27,11,2024
2024-11-28 00:00:00,Trim. 4,noviembre,28,11,2024
2024-11-29 00:00:00,Trim. 4,noviembre,29,11,2024
2024-11-30 00:00:00,Trim. 4,noviembre,30,11,2024
2020-12-01 00:00:00,Trim. 4,diciembre,1,12,2020
2020-12-02 00:00:00,Trim. 4,diciembre,2,12,2020
2020-12-03 00:00:00,Trim. 4,diciembre,3,12,2020
2020-12-04 00:00:00,Trim. 4,diciembre,4,12,2020
2020-12-05 00:00:00,Trim. 4,diciembre,5,12,2020
2020-12-06 00:00:00,Trim. 4,diciembre,6,12,2020
2020-12-07 00:00:00,Trim. 4,diciembre,7,12,2020
2020-12-08 00:00:00,Trim. 4,diciembre,8,12,2020
2020-12-09 00:00:00,Trim. 4,diciembre,9,12,2020
2020-12-10 00:00:00,Trim. 4,diciembre,10,12,2020
2020-12-11 00:00:00,Trim. 4,diciembre,11,12,2020
2020-12-12 00:00:00,Trim. 4,diciembre,12,12,2020
2020-12-13 00:00:00,Trim. 4,diciembre,13,12,2020
2020-12-14 00:00:00,Trim. 4,diciembre,14,12,2020
2020-12-15 00:00:00,Trim. 4,diciembre,15,12,2020
2020-12-16 00:00:00,Trim. 4,diciembre,16,12,2020
2020-12-17 00:00:00,Trim. 4,diciembre,17,12,2020
2020-12-18 00:00:00,Trim. 4,diciembre,18,12,2020
2020-12-19 00:00:00,Trim. 4,diciembre,19,12,2020
2020-12-20 00:00:00,Trim. 4,diciembre,20,12,2020
2020-12-21 00:00:00,Trim. 4,diciembre,21,12,2020
2020-12-22 00:00:00,Trim. 4,diciembre,22,12,2020
2020-12-23 00:00:00,Trim. 4,diciembre,23,12,2020
2020-12-24 00:00:00,Trim. 4,diciembre,24,12,2020
2020-12-25 00:00:00,Trim. 4,diciembre,25,12,2020
2020-12-26 00:00:00,Trim. 4,diciembre,26,12,2020
2020-12-27 00:00:00,Trim. 4,diciembre,27,12,2020
2020-12-28 00:00:00,Trim. 4,diciembre,28,12,2020
2020-12-29 00:00:00,Trim. 4,diciembre,29,12,2020
2020-12-30 00:00:00,Trim. 4,diciembre,30,12,2020
2020-12-31 00:00:00,Trim. 4,diciembre,31,12,2020
2021-12-01 00:00:00,Trim. 4,diciembre,1,12,2021
2021-12-02 00:00:00,Trim. 4,diciembre,2,12,2021
2021-12-03 00:00:00,Trim. 4,diciembre,3,12,2021
2021-12-04 00:00:00,Trim. 4,diciembre,4,12,2021
2021-12-05 00:00:00,Trim. 4,diciembre,5,12,2021
2021-12-06 00:00:00,Trim. 4,diciembre,6,12,2021
2021-12-07 00:00:00,Trim. 4,diciembre,7,12,2021
2021-12-08 00:00:00,Trim. 4,diciembre,8,12,2021
2021-12-09 00:00:00,Trim. 4,diciembre,9,12,2021
2021-12-10 00:00:00,Trim. 4,diciembre,10,12,2021
2021-12-11 00:00:00,Trim. 4,diciembre,11,12,2021
2021-12-12 00:00:00,Trim. 4,diciembre,12,12,2021
2021-12-13 00:00:00,Trim. 4,diciembre,13,12,2021
2021-12-14 00:00:00,Trim. 4,diciembre,14,12,2021
2021-12-15 00:00:00,Trim. 4,diciembre,15,12,2021
2021-12-16 00:00:00,Trim. 4,diciembre,16,12,2021
2021-12-17 00:00:00,Trim. 4,diciembre,17,12,2021
2021-12-18 00:00:00,Trim. 4,diciembre,18,12,2021
2021-12-19 00:00:00,Trim. 4,diciembre,19,12,2021
2021-12-20 00:00:00,Trim. 4,diciembre,20,12,2021
2021-12-21 00:00:00,Trim. 4,diciembre,21,12,2021
2021-12-22 00:00:00,Trim. 4,diciembre,22,12,2021
2021-12-23 00:00:00,Trim. 4,diciembre,23,12,2021
2021-12-24 00:00:00,Trim. 4,diciembre,24,12,2021
2021-12-25 00:00:00,Trim. 4,diciembre,25,12,2021
2021-12-26 00:00:00,Trim. 4,diciembre,26,12,2021
2021-12-27 00:00:00,Trim. 4,diciembre,27,12,2021
2021-12-28 00:00:00,Trim. 4,diciembre,28,12,2021
2021-12-29 00:00:00,Trim. 4,diciembre,29,12,2021
2021-12-30 00:00:00,Trim. 4,diciembre,30,12,2021
2021-12-31 00:00:00,Trim. 4,diciembre,31,12,2021
2022-12-01 00:00:00,Trim. 4,diciembre,1,12,2022
2022-12-02 00:00:00,Trim. 4,diciembre,2,12,2022
2022-12-03 00:00:00,Trim. 4,diciembre,3,12,2022
2022-12-04 00:00:00,Trim. 4,diciembre,4,12,2022
2022-12-05 00:00:00,Trim. 4,diciembre,5,12,2022
2022-12-06 00:00:00,Trim. 4,diciembre,6,12,2022
2022-12-07 00:00:00,Trim. 4,diciembre,7,12,2022
2022-12-08 00:00:00,Trim. 4,diciembre,8,12,2022
2022-12-09 00:00:00,Trim. 4,diciembre,9,12,2022
2022-12-10 00:00:00,Trim. 4,diciembre,10,12,2022
2022-12-11 00:00:00,Trim. 4,diciembre,11,12,2022
2022-12-12 00:00:00,Trim. 4,diciembre,12,12,2022
2022-12-13 00:00:00,Trim. 4,diciembre,13,12,2022
2022-12-14 00:00:00,Trim. 4,diciembre,14,12,2022
2022-12-15 00:00:00,Trim. 4,diciembre,15,12,2022
2022-12-16 00:00:00,Trim. 4,diciembre,16,12,2022
2022-12-17 00:00:00,Trim. 4,diciembre,17,12,2022
2022-12-18 00:00:00,Trim. 4,diciembre,18,12,2022
2022-12-19 00:00:00,Trim. 4,diciembre,19,12,2022
2022-12-20 00:00:00,Trim. 4,diciembre,20,12,2022
2022-12-21 00:00:00,Trim. 4,diciembre,21,12,2022
2022-12-22 00:00:00,Trim. 4,diciembre,22,12,2022
2022-12-23 00:00:00,Trim. 4,diciembre,23,12,2022
2022-12-24 00:00:00,Trim. 4,diciembre,24,12,2022
2022-12-25 00:00:00,Trim. 4,diciembre,25,12,2022
2022-12-26 00:00:00,Trim. 4,diciembre,26,12,2022
2022-12-27 00:00:00,Trim. 4,diciembre,27,12,2022
2022-12-28 00:00:00,Trim. 4,diciembre,28,12,2022
2022-12-29 00:00:00,Trim. 4,diciembre,29,12,2022
2022-12-30 00:00:00,Trim. 4,diciembre,30,12,2022
2022-12-31 00:00:00,Trim. 4,diciembre,31,12,2022
2023-12-01 00:00:00,Trim. 4,diciembre,1,12,2023
2023-12-02 00:00:00,Trim. 4,diciembre,2,12,2023
2023-12-03 00:00:00,Trim. 4,diciembre,3,12,2023
2023-12-04 00:00:00,Trim. 4,diciembre,4,12,2023
2023-12-05 00:00:00,Trim. 4,diciembre,5,12,2023
2023-12-06 00:00:00,Trim. 4,diciembre,6,12,2023
2023-12-07 00:00:00,Trim. 4,diciembre,7,12,2023
2023-12-08 00:00:00,Trim. 4,diciembre,8,12,2023
2023-12-09 00:00:00,Trim. 4,diciembre,9,12,2023
2023-12-10 00:00:00,Trim. 4,diciembre,10,12,2023
2023-12-11 00:00:00,Trim. 4,diciembre,11,12,2023
2023-12-12 00:00:00,Trim. 4,diciembre,12,12,2023
2023-12-13 00:00:00,Trim. 4,diciembre,13,12,2023
2023-12-14 00:00:00,Trim. 4,diciembre,14,12,2023
2023-12-15 00:00:00,Trim. 4,diciembre,15,12,2023
2023-12-16 00:00:00,Trim. 4,diciembre,16,12,2023
2023-12-17 00:00:00,Trim. 4,diciembre,17,12,2023
2023-12-18 00:00:00,Trim. 4,diciembre,18,12,2023
2023-12-19 00:00:00,Trim. 4,diciembre,19,12,2023
2023-12-20 00:00:00,Trim. 4,diciembre,20,12,2023
2023-12-21 00:00:00,Trim. 4,diciembre,21,12,2023
2023-12-22 00:00:00,Trim. 4,diciembre,22,12,2023
2023-12-23 00:00:00,Trim. 4,diciembre,23,12,2023
2023-12-24 00:00:00,Trim. 4,diciembre,24,12,2023
2023-12-25 00:00:00,Trim. 4,diciembre,25,12,2023
2023-12-26 00:00:00,Trim. 4,diciembre,26,12,2023
2023-12-27 00:00:00,Trim. 4,diciembre,27,12,2023
2023-12-28 00:00:00,Trim. 4,diciembre,28,12,2023
2023-12-29 00:00:00,Trim. 4,diciembre,29,12,2023
2023-12-30 00:00:00,Trim. 4,diciembre,30,12,2023
2023-12-31 00:00:00,Trim. 4,diciembre,31,12,2023
2024-12-01 00:00:00,Trim. 4,diciembre,1,12,2024
2024-12-02 00:00:00,Trim. 4,diciembre,2,12,2024
2024-12-03 00:00:00,Trim. 4,diciembre,3,12,2024
2024-12-04 00:00:00,Trim. 4,diciembre,4,12,2024
2024-12-05 00:00:00,Trim. 4,diciembre,5,12,2024
2024-12-06 00:00:00,Trim. 4,diciembre,6,12,2024
2024-12-07 00:00:00,Trim. 4,diciembre,7,12,2024
2024-12-08 00:00:00,Trim. 4,diciembre,8,12,2024
2024-12-09 00:00:00,Trim. 4,diciembre,9,12,2024
2024-12-10 00:00:00,Trim. 4,diciembre,10,12,2024
2024-12-11 00:00:00,Trim. 4,diciembre,11,12,2024
2024-12-12 00:00:00,Trim. 4,diciembre,12,12,2024
2024-12-13 00:00:00,Trim. 4,diciembre,13,12,2024
2024-12-14 00:00:00,Trim. 4,diciembre,14,12,2024
2024-12-15 00:00:00,Trim. 4,diciembre,15,12,2024
2024-12-16 00:00:00,Trim. 4,diciembre,16,12,2024
2024-12-17 00:00:00,Trim. 4,diciembre,17,12,2024
2024-12-18 00:00:00,Trim. 4,diciembre,18,12,2024
2024-12-19 00:00:00,Trim. 4,diciembre,19,12,2024
2024-12-20 00:00:00,Trim. 4,diciembre,20,12,2024
2024-12-21 00:00:00,Trim. 4,diciembre,21,12,2024
2024-12-22 00:00:00,Trim. 4,diciembre,22,12,2024
2024-12-23 00:00:00,Trim. 4,diciembre,23,12,2024
2024-12-24 00:00:00,Trim. 4,diciembre,24,12,2024
2024-12-25 00:00:00,Trim. 4,diciembre,25,12,2024
2024-12-26 00:00:00,Trim. 4,diciembre,26,12,2024
2024-12-27 00:00:00,Trim. 4,diciembre,27,12,2024
2024-12-28 00:00:00,Trim. 4,diciembre,28,12,2024
2024-12-29 00:00:00,Trim. 4,diciembre,29,12,2024
2024-12-30 00:00:00,Trim. 4,diciembre,30,12,2024
2024-12-31 00:00:00,Trim. 4,diciembre,31,12,2024
